<?xml version="1.0" encoding="UTF-8" standalone="yes"?>
<w:document xmlns:wpc="http://schemas.microsoft.com/office/word/2010/wordprocessingCanvas" xmlns:mc="http://schemas.openxmlformats.org/markup-compatibility/2006" xmlns:o="urn:schemas-microsoft-com:office:office" xmlns:r="http://schemas.openxmlformats.org/officeDocument/2006/relationships" xmlns:m="http://schemas.openxmlformats.org/officeDocument/2006/math" xmlns:v="urn:schemas-microsoft-com:vml" xmlns:wp14="http://schemas.microsoft.com/office/word/2010/wordprocessingDrawing" xmlns:wp="http://schemas.openxmlformats.org/drawingml/2006/wordprocessingDrawing" xmlns:w="http://schemas.openxmlformats.org/wordprocessingml/2006/main" xmlns:w14="http://schemas.microsoft.com/office/word/2010/wordml" xmlns:w10="urn:schemas-microsoft-com:office:word" xmlns:w15="http://schemas.microsoft.com/office/word/2012/wordml" xmlns:wpg="http://schemas.microsoft.com/office/word/2010/wordprocessingGroup" xmlns:wpi="http://schemas.microsoft.com/office/word/2010/wordprocessingInk" xmlns:wne="http://schemas.microsoft.com/office/word/2006/wordml" xmlns:wps="http://schemas.microsoft.com/office/word/2010/wordprocessingShape" xmlns:wpsCustomData="http://www.wps.cn/officeDocument/2013/wpsCustomData" mc:Ignorable="w14 w15 wp14"><w:body><w:p w14:paraId="415FBD2B"><w:pPr><w:pStyle w:val="2_0"/></w:pPr><w:r><w:rPr><w:rFonts w:hint="default"/><w:sz w:val="36_0"/><w:szCs w:val="36_0"/><w:lang w:val="en-US"/></w:rPr><w:t>1.Git-HOL Execution</w:t></w:r><w:r><w:rPr><w:rFonts w:hint="default"/><w:sz w:val="36_0"/><w:szCs w:val="36_0"/><w:lang w:val="en-US"/></w:rPr><w:br w:type="textWrapping"/></w:r><w:r><w:br w:type="textWrapping"/></w:r><w:r><w:t>Git Hands-On Lab — Execution Report</w:t></w:r></w:p><w:p w14:paraId="3F67A828"><w:pPr><w:pStyle w:val="3_0"/></w:pPr><w:r><w:t>Objective</w:t></w:r></w:p><w:p w14:paraId="40BD9B11"><w:r><w:t>The objective of this lab was to become familiar with basic Git commands such as git init, git status, git add, git commit, git push, git pull, and to integrate a default editor (Notepad++) with Git.</w:t></w:r></w:p><w:p w14:paraId="0D673A8E"><w:pPr><w:pStyle w:val="3_0"/></w:pPr><w:r><w:t>Prerequisites</w:t></w:r></w:p><w:p w14:paraId="16FCF892"><w:r><w:t>1. Git Bash installed on Windows.</w:t></w:r></w:p><w:p w14:paraId="35938F52"><w:r><w:t>2. Notepad++ installed and available in PATH.</w:t></w:r></w:p><w:p w14:paraId="3511712A"><w:r><w:t>3. A GitHub account to create a remote repository</w:t></w:r><w:r><w:rPr><w:rFonts w:hint="default"/><w:lang w:val="en-US"/></w:rPr><w:t xml:space="preserve"> named GitDemo</w:t></w:r><w:r><w:t>.</w:t></w:r></w:p><w:p w14:paraId="6A1D7015"><w:pPr><w:pStyle w:val="3_0"/></w:pPr><w:r><w:t>Step-by-step Execution</w:t></w:r></w:p><w:p w14:paraId="14A1E6AF"><w:pPr><w:pStyle w:val="4_0"/></w:pPr><w:r><w:t>Step 1 — Check Git Installation</w:t></w:r></w:p><w:p w14:paraId="7C807634"><w:r><w:t>Command used:</w:t></w:r></w:p><w:p w14:paraId="2680C227"><w:r><w:rPr><w:rFonts w:ascii="Courier New" w:hAnsi="Courier New"/><w:sz w:val="20_0"/></w:rPr><w:t>git --version</w:t></w:r></w:p><w:p w14:paraId="5905A5D2"><w:pPr><w:rPr><w:rFonts w:hint="default"/><w:lang w:val="en-US"/></w:rPr></w:pPr><w:r><w:t>Expected output:</w:t></w:r></w:p><w:p w14:paraId="551E4EF3"><w:pPr><w:rPr><w:rFonts w:hint="default"/><w:lang w:val="en-US"/></w:rPr></w:pPr><w:r><w:rPr><w:rFonts w:hint="default"/><w:lang w:val="en-US"/></w:rPr><w:drawing><wp:inline distT="0" distB="0" distL="114300" distR="114300"><wp:extent cx="2164715" cy="1301115"/><wp:effectExtent l="0" t="0" r="14605" b="9525"/><wp:docPr id="4" name="Picture 4" descr="Screenshot (204)"/><wp:cNvGraphicFramePr><a:graphicFrameLocks xmlns:a="http://schemas.openxmlformats.org/drawingml/2006/main" noChangeAspect="1"/></wp:cNvGraphicFramePr><a:graphic xmlns:a="http://schemas.openxmlformats.org/drawingml/2006/main"><a:graphicData uri="http://schemas.openxmlformats.org/drawingml/2006/picture"><pic:pic xmlns:pic="http://schemas.openxmlformats.org/drawingml/2006/picture"><pic:nvPicPr><pic:cNvPr id="4" name="Picture 4" descr="Screenshot (204)"/><pic:cNvPicPr><a:picLocks noChangeAspect="1"/></pic:cNvPicPr></pic:nvPicPr><pic:blipFill><a:blip r:embed="rId6_1"/><a:srcRect l="3611" t="5782" r="56933" b="52058"/><a:stretch><a:fillRect/></a:stretch></pic:blipFill><pic:spPr><a:xfrm><a:off x="0" y="0"/><a:ext cx="2164715" cy="1301115"/></a:xfrm><a:prstGeom prst="rect"><a:avLst/></a:prstGeom></pic:spPr></pic:pic></a:graphicData></a:graphic></wp:inline></w:drawing></w:r></w:p><w:p w14:paraId="6C6CECEC"><w:pPr><w:pStyle w:val="4_0"/></w:pPr><w:r><w:t>Step 2 — Configure Git (Username &amp; Email)</w:t></w:r></w:p><w:p w14:paraId="43487C77"><w:r><w:t>Commands used:</w:t></w:r></w:p><w:p w14:paraId="2E1768A1"><w:r><w:rPr><w:rFonts w:ascii="Courier New" w:hAnsi="Courier New"/><w:sz w:val="20_0"/></w:rPr><w:t>git config --global user.name &quot;</w:t></w:r><w:r><w:rPr><w:rFonts w:hint="default" w:ascii="Courier New" w:hAnsi="Courier New"/><w:sz w:val="20_0"/><w:lang w:val="en-US"/></w:rPr><w:t>Ashritha</w:t></w:r><w:r><w:rPr><w:rFonts w:ascii="Courier New" w:hAnsi="Courier New"/><w:sz w:val="20_0"/></w:rPr><w:t>&quot;</w:t></w:r><w:r><w:rPr><w:rFonts w:ascii="Courier New" w:hAnsi="Courier New"/><w:sz w:val="20_0"/></w:rPr><w:br w:type="textWrapping"/></w:r><w:r><w:rPr><w:rFonts w:ascii="Courier New" w:hAnsi="Courier New"/><w:sz w:val="20_0"/></w:rPr><w:t>git config --global user.email &quot;</w:t></w:r><w:r><w:rPr><w:rFonts w:hint="default" w:ascii="Courier New" w:hAnsi="Courier New"/><w:sz w:val="20_0"/><w:lang w:val="en-US"/></w:rPr><w:t>ashrithamerugu@gmail.com</w:t></w:r><w:r><w:rPr><w:rFonts w:ascii="Courier New" w:hAnsi="Courier New"/><w:sz w:val="20_0"/></w:rPr><w:t>&quot;</w:t></w:r><w:r><w:rPr><w:rFonts w:ascii="Courier New" w:hAnsi="Courier New"/><w:sz w:val="20_0"/></w:rPr><w:br w:type="textWrapping"/></w:r><w:r><w:rPr><w:rFonts w:ascii="Courier New" w:hAnsi="Courier New"/><w:sz w:val="20_0"/></w:rPr><w:t>git config --list</w:t></w:r></w:p><w:p w14:paraId="33537DF5"><w:r><w:t>Explanation: This sets your identity for commits.</w:t></w:r></w:p><w:p w14:paraId="7DBAA068"><w:pPr><w:rPr><w:rFonts w:hint="default"/><w:lang w:val="en-US"/></w:rPr></w:pPr></w:p><w:p w14:paraId="4D203EA9"><w:pPr><w:rPr><w:rFonts w:hint="default"/><w:lang w:val="en-US"/></w:rPr></w:pPr><w:r><w:rPr><w:rFonts w:hint="default"/><w:lang w:val="en-US"/></w:rPr><w:drawing><wp:inline distT="0" distB="0" distL="114300" distR="114300"><wp:extent cx="3125470" cy="1922145"/><wp:effectExtent l="0" t="0" r="13970" b="13335"/><wp:docPr id="5" name="Picture 5" descr="Screenshot (205)"/><wp:cNvGraphicFramePr><a:graphicFrameLocks xmlns:a="http://schemas.openxmlformats.org/drawingml/2006/main" noChangeAspect="1"/></wp:cNvGraphicFramePr><a:graphic xmlns:a="http://schemas.openxmlformats.org/drawingml/2006/main"><a:graphicData uri="http://schemas.openxmlformats.org/drawingml/2006/picture"><pic:pic xmlns:pic="http://schemas.openxmlformats.org/drawingml/2006/picture"><pic:nvPicPr><pic:cNvPr id="5" name="Picture 5" descr="Screenshot (205)"/><pic:cNvPicPr><a:picLocks noChangeAspect="1"/></pic:cNvPicPr></pic:nvPicPr><pic:blipFill><a:blip r:embed="rId7_2"/><a:srcRect l="15417" t="49300" r="44398" b="6770"/><a:stretch><a:fillRect/></a:stretch></pic:blipFill><pic:spPr><a:xfrm><a:off x="0" y="0"/><a:ext cx="3125470" cy="1922145"/></a:xfrm><a:prstGeom prst="rect"><a:avLst/></a:prstGeom></pic:spPr></pic:pic></a:graphicData></a:graphic></wp:inline></w:drawing></w:r></w:p><w:p w14:paraId="521B6DB6"><w:pPr><w:pStyle w:val="4_0"/></w:pPr><w:r><w:t>Step 3 — Set Notepad++ as Git Editor (optional)</w:t></w:r></w:p><w:p w14:paraId="637147A8"><w:r><w:t>If you installed Notepad++ and added it to PATH, configure Git to use it as the default editor.</w:t></w:r></w:p><w:p w14:paraId="65E0B6E2"><w:r><w:rPr><w:rFonts w:ascii="Courier New" w:hAnsi="Courier New"/><w:sz w:val="20_0"/></w:rPr><w:t>git config --global core.editor &quot;notepad++.exe&quot;</w:t></w:r><w:r><w:rPr><w:rFonts w:ascii="Courier New" w:hAnsi="Courier New"/><w:sz w:val="20_0"/></w:rPr><w:br w:type="textWrapping"/></w:r><w:r><w:rPr><w:rFonts w:ascii="Courier New" w:hAnsi="Courier New"/><w:sz w:val="20_0"/></w:rPr><w:t>git config --global -e</w:t></w:r></w:p><w:p w14:paraId="3A9C8187"><w:r><w:t>Action taken: Notepad++ opened when running the config edit command. Save and close Notepad++ to return to the Git Bash prompt.</w:t></w:r></w:p><w:p w14:paraId="4853EEDB"><w:r><w:t>Take a screenshot showing Notepad++ opened via git config -e and the saved configuration.</w:t></w:r></w:p><w:p w14:paraId="11919626"><w:r><w:t>Screenshot — Notepad++ opened from Git Bash:</w:t></w:r></w:p><w:p w14:paraId="593A406A"><w:r><w:drawing><wp:inline distT="0" distB="0" distL="114300" distR="114300"><wp:extent cx="5029200" cy="3030855"/><wp:effectExtent l="0" t="0" r="0" b="1905"/><wp:docPr id="1" name="Picture 1"/><wp:cNvGraphicFramePr><a:graphicFrameLocks xmlns:a="http://schemas.openxmlformats.org/drawingml/2006/main" noChangeAspect="1"/></wp:cNvGraphicFramePr><a:graphic xmlns:a="http://schemas.openxmlformats.org/drawingml/2006/main"><a:graphicData uri="http://schemas.openxmlformats.org/drawingml/2006/picture"><pic:pic xmlns:pic="http://schemas.openxmlformats.org/drawingml/2006/picture"><pic:nvPicPr><pic:cNvPr id="1" name="Picture 1"/><pic:cNvPicPr><a:picLocks noChangeAspect="1"/></pic:cNvPicPr></pic:nvPicPr><pic:blipFill><a:blip r:embed="rId8_3"/><a:stretch><a:fillRect/></a:stretch></pic:blipFill><pic:spPr><a:xfrm><a:off x="0" y="0"/><a:ext cx="5029200" cy="3031021"/></a:xfrm><a:prstGeom prst="rect"><a:avLst/></a:prstGeom></pic:spPr></pic:pic></a:graphicData></a:graphic></wp:inline></w:drawing></w:r></w:p><w:p w14:paraId="108644B7"><w:pPr><w:pStyle w:val="4_0"/></w:pPr><w:r><w:t>Step 4 — Create Local Repository</w:t></w:r></w:p><w:p w14:paraId="1DC50B2E"><w:r><w:t>Commands used:</w:t></w:r></w:p><w:p w14:paraId="16FEE9B6"><w:r><w:rPr><w:rFonts w:ascii="Courier New" w:hAnsi="Courier New"/><w:sz w:val="20_0"/></w:rPr><w:t>mkdir GitDemo</w:t></w:r><w:r><w:rPr><w:rFonts w:ascii="Courier New" w:hAnsi="Courier New"/><w:sz w:val="20_0"/></w:rPr><w:br w:type="textWrapping"/></w:r><w:r><w:rPr><w:rFonts w:ascii="Courier New" w:hAnsi="Courier New"/><w:sz w:val="20_0"/></w:rPr><w:t>cd GitDemo</w:t></w:r><w:r><w:rPr><w:rFonts w:ascii="Courier New" w:hAnsi="Courier New"/><w:sz w:val="20_0"/></w:rPr><w:br w:type="textWrapping"/></w:r><w:r><w:rPr><w:rFonts w:ascii="Courier New" w:hAnsi="Courier New"/><w:sz w:val="20_0"/></w:rPr><w:t>git init</w:t></w:r></w:p><w:p w14:paraId="18DDFFFE"><w:pPr><w:rPr><w:rFonts w:hint="default"/><w:lang w:val="en-US"/></w:rPr></w:pPr><w:r><w:t xml:space="preserve">Expected output: repository initialized (hidden .git folder created). </w:t></w:r></w:p><w:p w14:paraId="1C54B03E"><w:pPr><w:rPr><w:rFonts w:hint="default"/><w:lang w:val="en-US"/></w:rPr></w:pPr><w:r><w:rPr><w:rFonts w:hint="default"/><w:lang w:val="en-US"/></w:rPr><w:drawing><wp:inline distT="0" distB="0" distL="114300" distR="114300"><wp:extent cx="3392805" cy="2091690"/><wp:effectExtent l="0" t="0" r="5715" b="11430"/><wp:docPr id="6" name="Picture 6" descr="Screenshot (206)"/><wp:cNvGraphicFramePr><a:graphicFrameLocks xmlns:a="http://schemas.openxmlformats.org/drawingml/2006/main" noChangeAspect="1"/></wp:cNvGraphicFramePr><a:graphic xmlns:a="http://schemas.openxmlformats.org/drawingml/2006/main"><a:graphicData uri="http://schemas.openxmlformats.org/drawingml/2006/picture"><pic:pic xmlns:pic="http://schemas.openxmlformats.org/drawingml/2006/picture"><pic:nvPicPr><pic:cNvPr id="6" name="Picture 6" descr="Screenshot (206)"/><pic:cNvPicPr><a:picLocks noChangeAspect="1"/></pic:cNvPicPr></pic:nvPicPr><pic:blipFill><a:blip r:embed="rId9_4"/><a:srcRect l="46863" t="34835" r="13773" b="22016"/><a:stretch><a:fillRect/></a:stretch></pic:blipFill><pic:spPr><a:xfrm><a:off x="0" y="0"/><a:ext cx="3392805" cy="2091690"/></a:xfrm><a:prstGeom prst="rect"><a:avLst/></a:prstGeom></pic:spPr></pic:pic></a:graphicData></a:graphic></wp:inline></w:drawing></w:r></w:p><w:p w14:paraId="33A57185"><w:pPr><w:pStyle w:val="4_0"/></w:pPr><w:r><w:t>Step 5 — Create File &amp; Add Content</w:t></w:r></w:p><w:p w14:paraId="09AF7BBA"><w:r><w:t>Commands used:</w:t></w:r></w:p><w:p w14:paraId="73F53E96"><w:r><w:rPr><w:rFonts w:ascii="Courier New" w:hAnsi="Courier New"/><w:sz w:val="20_0"/></w:rPr><w:t>echo &quot;Welcome to Git Demo&quot; &gt; welcome.txt</w:t></w:r><w:r><w:rPr><w:rFonts w:ascii="Courier New" w:hAnsi="Courier New"/><w:sz w:val="20_0"/></w:rPr><w:br w:type="textWrapping"/></w:r><w:r><w:rPr><w:rFonts w:ascii="Courier New" w:hAnsi="Courier New"/><w:sz w:val="20_0"/></w:rPr><w:t>cat welcome.txt</w:t></w:r></w:p><w:p w14:paraId="2BCCAE2B"><w:r><w:t xml:space="preserve">Explanation: Created welcome.txt and verified its content. </w:t></w:r></w:p><w:p w14:paraId="123E6805"><w:pPr><w:pStyle w:val="4_0"/></w:pPr><w:r><w:t>Step 6 — Check Status &amp; Add File</w:t></w:r></w:p><w:p w14:paraId="0049B10D"><w:r><w:t>Commands used:</w:t></w:r></w:p><w:p w14:paraId="614A53FC"><w:r><w:rPr><w:rFonts w:ascii="Courier New" w:hAnsi="Courier New"/><w:sz w:val="20_0"/></w:rPr><w:t>git status</w:t></w:r><w:r><w:rPr><w:rFonts w:ascii="Courier New" w:hAnsi="Courier New"/><w:sz w:val="20_0"/></w:rPr><w:br w:type="textWrapping"/></w:r><w:r><w:rPr><w:rFonts w:ascii="Courier New" w:hAnsi="Courier New"/><w:sz w:val="20_0"/></w:rPr><w:t>git add welcome.txt</w:t></w:r></w:p><w:p w14:paraId="1B0C58A0"><w:r><w:t>Note: You may see a warning &quot;LF will be replaced by CRLF&quot; on Windows. This is a line-ending conversion warning and is normal. It does not affect the functionality. Take a screenshot of git status showing welcome.txt as untracked and then after git add.</w:t></w:r></w:p><w:p w14:paraId="31E2EB8A"><w:pPr><w:pStyle w:val="4_0"/></w:pPr><w:r><w:t>Step 7 — Commit File</w:t></w:r></w:p><w:p w14:paraId="2688418E"><w:r><w:t>Command used:</w:t></w:r></w:p><w:p w14:paraId="3E61C466"><w:r><w:rPr><w:rFonts w:ascii="Courier New" w:hAnsi="Courier New"/><w:sz w:val="20_0"/></w:rPr><w:t>git commit -m &quot;Initial commit with welcome.txt&quot;</w:t></w:r></w:p><w:p w14:paraId="2EFF968F"><w:r><w:t xml:space="preserve">Expected output: commit created. </w:t></w:r></w:p><w:p w14:paraId="631989A7"><w:pPr><w:pStyle w:val="4_0"/></w:pPr><w:r><w:t>Step 8 — Create Remote Repository on GitHub</w:t></w:r></w:p><w:p w14:paraId="5210A3E2"><w:r><w:t>On GitHub website: Create a new repository named &quot;GitDemo&quot;. Do NOT add a README in the web UI (so local and remote histories align). Screenshot the newly created empty repository page.</w:t></w:r></w:p><w:p w14:paraId="616D8E7D"><w:pPr><w:pStyle w:val="4_0"/></w:pPr><w:r><w:t>Step 9 — Link Local Repo to Remote &amp; Push</w:t></w:r></w:p><w:p w14:paraId="7F58919E"><w:r><w:t>Commands used (replace YOUR_USERNAME with your GitHub username):</w:t></w:r></w:p><w:p w14:paraId="00B3776C"><w:r><w:rPr><w:rFonts w:ascii="Courier New" w:hAnsi="Courier New"/><w:sz w:val="20_0"/></w:rPr><w:t>git remote add origin https://github.com/</w:t></w:r><w:r><w:rPr><w:rFonts w:hint="default" w:ascii="Courier New" w:hAnsi="Courier New"/><w:sz w:val="20_0"/><w:lang w:val="en-US"/></w:rPr><w:t>ashu30439</w:t></w:r><w:r><w:rPr><w:rFonts w:ascii="Courier New" w:hAnsi="Courier New"/><w:sz w:val="20_0"/></w:rPr><w:t>/GitDemo.git</w:t></w:r><w:r><w:rPr><w:rFonts w:ascii="Courier New" w:hAnsi="Courier New"/><w:sz w:val="20_0"/></w:rPr><w:br w:type="textWrapping"/></w:r><w:r><w:rPr><w:rFonts w:ascii="Courier New" w:hAnsi="Courier New"/><w:sz w:val="20_0"/></w:rPr><w:t>git branch -M main</w:t></w:r><w:r><w:rPr><w:rFonts w:ascii="Courier New" w:hAnsi="Courier New"/><w:sz w:val="20_0"/></w:rPr><w:br w:type="textWrapping"/></w:r><w:r><w:rPr><w:rFonts w:ascii="Courier New" w:hAnsi="Courier New"/><w:sz w:val="20_0"/></w:rPr><w:t>git push -u origin main</w:t></w:r></w:p><w:p w14:paraId="4C6009A0"><w:r><w:t>Expected output: Authentication prompt (if using browser-based auth), then push completes and the branch is set to track origin/main. Take a screenshot of the successful push in Git Bash and of the GitHub repository page showing welcome.txt.</w:t></w:r></w:p><w:p w14:paraId="19EAF46B"><w:r><w:t>Screenshot — GitHub repository with welcome.txt and Git Bash push output:</w:t></w:r></w:p><w:p w14:paraId="68C5185B"><w:bookmarkStart w:id="0" w:name="_GoBack"/><w:r><w:drawing><wp:inline distT="0" distB="0" distL="114300" distR="114300"><wp:extent cx="5297170" cy="2813685"/><wp:effectExtent l="0" t="0" r="6350" b="5715"/><wp:docPr id="2" name="Picture 2"/><wp:cNvGraphicFramePr><a:graphicFrameLocks xmlns:a="http://schemas.openxmlformats.org/drawingml/2006/main" noChangeAspect="1"/></wp:cNvGraphicFramePr><a:graphic xmlns:a="http://schemas.openxmlformats.org/drawingml/2006/main"><a:graphicData uri="http://schemas.openxmlformats.org/drawingml/2006/picture"><pic:pic xmlns:pic="http://schemas.openxmlformats.org/drawingml/2006/picture"><pic:nvPicPr><pic:cNvPr id="2" name="Picture 2"/><pic:cNvPicPr><a:picLocks noChangeAspect="1"/></pic:cNvPicPr></pic:nvPicPr><pic:blipFill><a:blip r:embed="rId10_5"/><a:stretch><a:fillRect/></a:stretch></pic:blipFill><pic:spPr><a:xfrm><a:off x="0" y="0"/><a:ext cx="5297170" cy="2813685"/></a:xfrm><a:prstGeom prst="rect"><a:avLst/></a:prstGeom></pic:spPr></pic:pic></a:graphicData></a:graphic></wp:inline></w:drawing></w:r><w:bookmarkEnd w:id="0"/></w:p><w:p w14:paraId="773FD4CC"><w:pPr><w:pStyle w:val="4_0"/></w:pPr><w:r><w:t>Step 10 — Verify Remote &amp; (Optional) Pull</w:t></w:r></w:p><w:p w14:paraId="23A8AD22"><w:r><w:t>Command used:</w:t></w:r></w:p><w:p w14:paraId="0EEEC604"><w:r><w:rPr><w:rFonts w:ascii="Courier New" w:hAnsi="Courier New"/><w:sz w:val="20_0"/></w:rPr><w:t>git pull origin main</w:t></w:r></w:p><w:p w14:paraId="734A0020"><w:r><w:t>This verifies that the remote is accessible and content can be pulled back into the local repository.</w:t></w:r></w:p><w:p w14:paraId="4407FCF7"><w:pPr><w:pStyle w:val="3_0"/></w:pPr><w:r><w:t>Useful Commands (quick reference)</w:t></w:r></w:p><w:p w14:paraId="6D487BFA"><w:r><w:rPr><w:rFonts w:ascii="Courier New" w:hAnsi="Courier New"/><w:sz w:val="20_0"/></w:rPr><w:t>git status</w:t></w:r><w:r><w:rPr><w:rFonts w:ascii="Courier New" w:hAnsi="Courier New"/><w:sz w:val="20_0"/></w:rPr><w:br w:type="textWrapping"/></w:r><w:r><w:rPr><w:rFonts w:ascii="Courier New" w:hAnsi="Courier New"/><w:sz w:val="20_0"/></w:rPr><w:t>git add &lt;file&gt;</w:t></w:r><w:r><w:rPr><w:rFonts w:ascii="Courier New" w:hAnsi="Courier New"/><w:sz w:val="20_0"/></w:rPr><w:br w:type="textWrapping"/></w:r><w:r><w:rPr><w:rFonts w:ascii="Courier New" w:hAnsi="Courier New"/><w:sz w:val="20_0"/></w:rPr><w:t>git commit -m &quot;message&quot;</w:t></w:r><w:r><w:rPr><w:rFonts w:ascii="Courier New" w:hAnsi="Courier New"/><w:sz w:val="20_0"/></w:rPr><w:br w:type="textWrapping"/></w:r><w:r><w:rPr><w:rFonts w:ascii="Courier New" w:hAnsi="Courier New"/><w:sz w:val="20_0"/></w:rPr><w:t>git remote -v</w:t></w:r><w:r><w:rPr><w:rFonts w:ascii="Courier New" w:hAnsi="Courier New"/><w:sz w:val="20_0"/></w:rPr><w:br w:type="textWrapping"/></w:r><w:r><w:rPr><w:rFonts w:ascii="Courier New" w:hAnsi="Courier New"/><w:sz w:val="20_0"/></w:rPr><w:t>git branch -M main</w:t></w:r><w:r><w:rPr><w:rFonts w:ascii="Courier New" w:hAnsi="Courier New"/><w:sz w:val="20_0"/></w:rPr><w:br w:type="textWrapping"/></w:r><w:r><w:rPr><w:rFonts w:ascii="Courier New" w:hAnsi="Courier New"/><w:sz w:val="20_0"/></w:rPr><w:t>git push -u origin main</w:t></w:r><w:r><w:rPr><w:rFonts w:ascii="Courier New" w:hAnsi="Courier New"/><w:sz w:val="20_0"/></w:rPr><w:br w:type="textWrapping"/></w:r><w:r><w:rPr><w:rFonts w:ascii="Courier New" w:hAnsi="Courier New"/><w:sz w:val="20_0"/></w:rPr><w:t>git pull origin main</w:t></w:r><w:r><w:rPr><w:rFonts w:ascii="Courier New" w:hAnsi="Courier New"/><w:sz w:val="20_0"/></w:rPr><w:br w:type="textWrapping"/></w:r><w:r><w:rPr><w:rFonts w:ascii="Courier New" w:hAnsi="Courier New"/><w:sz w:val="20_0"/></w:rPr><w:t>git log --oneline</w:t></w:r></w:p><w:p> 					<w:r> 						<w:br w:type="page"/> 					</w:r> 				  </w:p><w:p w14:paraId="7A152792"><w:pPr><w:pStyle w:val="2_1"/></w:pPr><w:r><w:t>Git Hands-On Lab — Exercise 2 (.gitignore)</w:t></w:r></w:p><w:p w14:paraId="47B3BB72"><w:pPr><w:pStyle w:val="3_1"/></w:pPr><w:r><w:t>Objective</w:t></w:r></w:p><w:p w14:paraId="58EF356A"><w:r><w:t>The objective of this exercise is to learn how to use a .gitignore file in Git to ignore unwanted files and folders, such as .log files and a log folder, so that they are not tracked or committed to the repository.</w:t></w:r></w:p><w:p w14:paraId="451A0BD1"><w:pPr><w:pStyle w:val="3_1"/></w:pPr><w:r><w:t>Prerequisites</w:t></w:r></w:p><w:p w14:paraId="24EADCE6"><w:r><w:t>1. Git installed and configured.</w:t></w:r></w:p><w:p w14:paraId="02DFD965"><w:r><w:t>2. Notepad++ integrated as default editor (optional).</w:t></w:r></w:p><w:p w14:paraId="1E2AC80C"><w:r><w:t>3. Existing Git repository linked to a remote repository (GitHub).</w:t></w:r></w:p><w:p w14:paraId="2ECA3750"><w:pPr><w:pStyle w:val="4_1"/></w:pPr><w:r><w:t>Step 1 — Navigate to Git Repository</w:t></w:r></w:p><w:p w14:paraId="79690513"><w:r><w:t>Command used: cd GitDemo</w:t></w:r></w:p><w:p w14:paraId="4E72849B"><w:r><w:drawing><wp:inline distT="0" distB="0" distL="114300" distR="114300"><wp:extent cx="5029200" cy="3030855"/><wp:effectExtent l="0" t="0" r="0" b="1905"/><wp:docPr id="1" name="Picture 1"/><wp:cNvGraphicFramePr><a:graphicFrameLocks xmlns:a="http://schemas.openxmlformats.org/drawingml/2006/main" noChangeAspect="1"/></wp:cNvGraphicFramePr><a:graphic xmlns:a="http://schemas.openxmlformats.org/drawingml/2006/main"><a:graphicData uri="http://schemas.openxmlformats.org/drawingml/2006/picture"><pic:pic xmlns:pic="http://schemas.openxmlformats.org/drawingml/2006/picture"><pic:nvPicPr><pic:cNvPr id="1" name="Picture 1"/><pic:cNvPicPr><a:picLocks noChangeAspect="1"/></pic:cNvPicPr></pic:nvPicPr><pic:blipFill><a:blip r:embed="rId6_6"/><a:stretch><a:fillRect/></a:stretch></pic:blipFill><pic:spPr><a:xfrm><a:off x="0" y="0"/><a:ext cx="5029200" cy="3031021"/></a:xfrm><a:prstGeom prst="rect"><a:avLst/></a:prstGeom></pic:spPr></pic:pic></a:graphicData></a:graphic></wp:inline></w:drawing></w:r></w:p><w:p w14:paraId="4913CD3E"><w:pPr><w:pStyle w:val="4_1"/></w:pPr><w:r><w:t>Step 2 — Create .log File and log Folder</w:t></w:r></w:p><w:p w14:paraId="69D1A4BA"><w:r><w:t>Commands used:</w:t></w:r><w:r><w:br w:type="textWrapping"/></w:r><w:r><w:t>echo &quot;This is a log file&quot; &gt; test.log</w:t></w:r><w:r><w:br w:type="textWrapping"/></w:r><w:r><w:t>mkdir log</w:t></w:r><w:r><w:br w:type="textWrapping"/></w:r><w:r><w:t>echo &quot;Inside log folder&quot; &gt; log/sample.txt</w:t></w:r></w:p><w:p w14:paraId="1D36F486"><w:r><w:t>This step creates a sample log file and a folder named log containing another sample file.</w:t></w:r></w:p><w:p w14:paraId="61BD7CBA"><w:r><w:drawing><wp:inline distT="0" distB="0" distL="114300" distR="114300"><wp:extent cx="5029200" cy="3030855"/><wp:effectExtent l="0" t="0" r="0" b="1905"/><wp:docPr id="2" name="Picture 2"/><wp:cNvGraphicFramePr><a:graphicFrameLocks xmlns:a="http://schemas.openxmlformats.org/drawingml/2006/main" noChangeAspect="1"/></wp:cNvGraphicFramePr><a:graphic xmlns:a="http://schemas.openxmlformats.org/drawingml/2006/main"><a:graphicData uri="http://schemas.openxmlformats.org/drawingml/2006/picture"><pic:pic xmlns:pic="http://schemas.openxmlformats.org/drawingml/2006/picture"><pic:nvPicPr><pic:cNvPr id="2" name="Picture 2"/><pic:cNvPicPr><a:picLocks noChangeAspect="1"/></pic:cNvPicPr></pic:nvPicPr><pic:blipFill><a:blip r:embed="rId7_7"/><a:stretch><a:fillRect/></a:stretch></pic:blipFill><pic:spPr><a:xfrm><a:off x="0" y="0"/><a:ext cx="5029200" cy="3031021"/></a:xfrm><a:prstGeom prst="rect"><a:avLst/></a:prstGeom></pic:spPr></pic:pic></a:graphicData></a:graphic></wp:inline></w:drawing></w:r></w:p><w:p w14:paraId="26F7B3B5"><w:pPr><w:pStyle w:val="4_1"/></w:pPr><w:r><w:t>Step 3 — Create and Verify .gitignore File</w:t></w:r></w:p><w:p w14:paraId="59749D14"><w:r><w:t>Commands used:</w:t></w:r><w:r><w:br w:type="textWrapping"/></w:r><w:r><w:t>echo &quot;*.log&quot; &gt; .gitignore</w:t></w:r><w:r><w:br w:type="textWrapping"/></w:r><w:r><w:t>echo &quot;log/&quot; &gt;&gt; .gitignore</w:t></w:r><w:r><w:br w:type="textWrapping"/></w:r><w:r><w:t>cat .gitignore</w:t></w:r></w:p><w:p w14:paraId="06BC0FE5"><w:r><w:t>This creates a .gitignore file with patterns to ignore all .log files and the entire log folder.</w:t></w:r></w:p><w:p w14:paraId="4F5AEACD"><w:r><w:drawing><wp:inline distT="0" distB="0" distL="114300" distR="114300"><wp:extent cx="5029200" cy="3030855"/><wp:effectExtent l="0" t="0" r="0" b="1905"/><wp:docPr id="3" name="Picture 3"/><wp:cNvGraphicFramePr><a:graphicFrameLocks xmlns:a="http://schemas.openxmlformats.org/drawingml/2006/main" noChangeAspect="1"/></wp:cNvGraphicFramePr><a:graphic xmlns:a="http://schemas.openxmlformats.org/drawingml/2006/main"><a:graphicData uri="http://schemas.openxmlformats.org/drawingml/2006/picture"><pic:pic xmlns:pic="http://schemas.openxmlformats.org/drawingml/2006/picture"><pic:nvPicPr><pic:cNvPr id="3" name="Picture 3"/><pic:cNvPicPr><a:picLocks noChangeAspect="1"/></pic:cNvPicPr></pic:nvPicPr><pic:blipFill><a:blip r:embed="rId7_7"/><a:stretch><a:fillRect/></a:stretch></pic:blipFill><pic:spPr><a:xfrm><a:off x="0" y="0"/><a:ext cx="5029200" cy="3031021"/></a:xfrm><a:prstGeom prst="rect"><a:avLst/></a:prstGeom></pic:spPr></pic:pic></a:graphicData></a:graphic></wp:inline></w:drawing></w:r></w:p><w:p w14:paraId="71BA9C52"><w:pPr><w:pStyle w:val="4_1"/></w:pPr><w:r><w:t>Step 4 — Stage .gitignore File</w:t></w:r></w:p><w:p w14:paraId="4783C8B2"><w:r><w:t>Command used: git add .gitignore</w:t></w:r><w:r><w:br w:type="textWrapping"/></w:r><w:r><w:t>git status</w:t></w:r></w:p><w:p w14:paraId="3C1D8E68"><w:r><w:t>The git add command stages the .gitignore file for commit. git status confirms that the file is staged and will be included in the next commit.</w:t></w:r></w:p><w:p w14:paraId="71BB8CCB"><w:r><w:drawing><wp:inline distT="0" distB="0" distL="114300" distR="114300"><wp:extent cx="5029200" cy="3030855"/><wp:effectExtent l="0" t="0" r="0" b="1905"/><wp:docPr id="4" name="Picture 4"/><wp:cNvGraphicFramePr><a:graphicFrameLocks xmlns:a="http://schemas.openxmlformats.org/drawingml/2006/main" noChangeAspect="1"/></wp:cNvGraphicFramePr><a:graphic xmlns:a="http://schemas.openxmlformats.org/drawingml/2006/main"><a:graphicData uri="http://schemas.openxmlformats.org/drawingml/2006/picture"><pic:pic xmlns:pic="http://schemas.openxmlformats.org/drawingml/2006/picture"><pic:nvPicPr><pic:cNvPr id="4" name="Picture 4"/><pic:cNvPicPr><a:picLocks noChangeAspect="1"/></pic:cNvPicPr></pic:nvPicPr><pic:blipFill><a:blip r:embed="rId8_8"/><a:stretch><a:fillRect/></a:stretch></pic:blipFill><pic:spPr><a:xfrm><a:off x="0" y="0"/><a:ext cx="5029200" cy="3031021"/></a:xfrm><a:prstGeom prst="rect"><a:avLst/></a:prstGeom></pic:spPr></pic:pic></a:graphicData></a:graphic></wp:inline></w:drawing></w:r></w:p><w:p w14:paraId="362056E8"><w:pPr><w:pStyle w:val="4_1"/></w:pPr><w:r><w:t>Step 5 — Commit and Push .gitignore File</w:t></w:r></w:p><w:p w14:paraId="728EE30B"><w:r><w:t>Commands used:</w:t></w:r><w:r><w:br w:type="textWrapping"/></w:r><w:r><w:t>git commit -m &quot;Added .gitignore to ignore .log files and log folder&quot;</w:t></w:r><w:r><w:br w:type="textWrapping"/></w:r><w:r><w:t>git push</w:t></w:r></w:p><w:p w14:paraId="6C58779E"><w:r><w:t>The git commit command records the change in the local repository, and git push sends the change to the remote repository on GitHub.</w:t></w:r></w:p><w:p w14:paraId="5C556309"><w:r><w:drawing><wp:inline distT="0" distB="0" distL="114300" distR="114300"><wp:extent cx="5029200" cy="3030855"/><wp:effectExtent l="0" t="0" r="0" b="1905"/><wp:docPr id="5" name="Picture 5"/><wp:cNvGraphicFramePr><a:graphicFrameLocks xmlns:a="http://schemas.openxmlformats.org/drawingml/2006/main" noChangeAspect="1"/></wp:cNvGraphicFramePr><a:graphic xmlns:a="http://schemas.openxmlformats.org/drawingml/2006/main"><a:graphicData uri="http://schemas.openxmlformats.org/drawingml/2006/picture"><pic:pic xmlns:pic="http://schemas.openxmlformats.org/drawingml/2006/picture"><pic:nvPicPr><pic:cNvPr id="5" name="Picture 5"/><pic:cNvPicPr><a:picLocks noChangeAspect="1"/></pic:cNvPicPr></pic:nvPicPr><pic:blipFill><a:blip r:embed="rId9_9"/><a:stretch><a:fillRect/></a:stretch></pic:blipFill><pic:spPr><a:xfrm><a:off x="0" y="0"/><a:ext cx="5029200" cy="3031021"/></a:xfrm><a:prstGeom prst="rect"><a:avLst/></a:prstGeom></pic:spPr></pic:pic></a:graphicData></a:graphic></wp:inline></w:drawing></w:r></w:p><w:p w14:paraId="3D6CA4E3"><w:pPr><w:pStyle w:val="3_1"/></w:pPr><w:r><w:t>Conclusion</w:t></w:r></w:p><w:p w14:paraId="32CCD819"><w:r><w:t>By using the .gitignore file, we successfully configured Git to ignore specific unwanted files (.log) and folders (log/). This ensures these files are not tracked or pushed to the remote repository.</w:t></w:r></w:p><w:p w14:paraId="17622F43"><w:pPr><w:rPr><w:rFonts w:hint="default"/><w:lang w:val="en-US"/></w:rPr></w:pPr><w:bookmarkStart w:id="0" w:name="_GoBack"/><w:bookmarkEnd w:id="0"/><w:r><w:br w:type="textWrapping"/></w:r><w:r><w:rPr><w:rFonts w:hint="default"/><w:lang w:val="en-US"/></w:rPr><w:drawing><wp:inline distT="0" distB="0" distL="114300" distR="114300"><wp:extent cx="5486400" cy="3086100"/><wp:effectExtent l="0" t="0" r="0" b="7620"/><wp:docPr id="6" name="Picture 6" descr="Screenshot (207)"/><wp:cNvGraphicFramePr><a:graphicFrameLocks xmlns:a="http://schemas.openxmlformats.org/drawingml/2006/main" noChangeAspect="1"/></wp:cNvGraphicFramePr><a:graphic xmlns:a="http://schemas.openxmlformats.org/drawingml/2006/main"><a:graphicData uri="http://schemas.openxmlformats.org/drawingml/2006/picture"><pic:pic xmlns:pic="http://schemas.openxmlformats.org/drawingml/2006/picture"><pic:nvPicPr><pic:cNvPr id="6" name="Picture 6" descr="Screenshot (207)"/><pic:cNvPicPr><a:picLocks noChangeAspect="1"/></pic:cNvPicPr></pic:nvPicPr><pic:blipFill><a:blip r:embed="rId10_10"/><a:stretch><a:fillRect/></a:stretch></pic:blipFill><pic:spPr><a:xfrm><a:off x="0" y="0"/><a:ext cx="5486400" cy="3086100"/></a:xfrm><a:prstGeom prst="rect"><a:avLst/></a:prstGeom></pic:spPr></pic:pic></a:graphicData></a:graphic></wp:inline></w:drawing></w:r></w:p><w:p> 					<w:r> 						<w:br w:type="page"/> 					</w:r> 				  </w:p><w:p><w:pPr><w:pStyle w:val="Heading1_2"/></w:pPr><w:r><w:t>Git Hands-On Lab: Branching &amp; Merging</w:t></w:r></w:p><w:p><w:r><w:t>This document demonstrates branching and merging in Git as per Exercise 3. The steps include creating a branch, making changes, committing them, and merging into master.</w:t></w:r></w:p><w:p><w:pPr><w:pStyle w:val="Heading2_2"/></w:pPr><w:r><w:t>Objectives</w:t></w:r></w:p><w:p><w:r><w:t>- Explain branching and merging in Git.</w:t><w:br/><w:t>- Create a branch request in GitLab.</w:t><w:br/><w:t>- Create a merge request in GitLab.</w:t></w:r></w:p><w:p><w:pPr><w:pStyle w:val="Heading2_2"/></w:pPr><w:r><w:t>Step-by-Step Execution</w:t></w:r></w:p><w:p><w:pPr><w:pStyle w:val="Heading3_2"/></w:pPr><w:r><w:t>Step 1: Open the repository</w:t></w:r></w:p><w:p><w:r><w:t>Navigate to the repository folder and verify its contents.</w:t></w:r></w:p><w:p><w:r><w:drawing><wp:inline xmlns:a="http://schemas.openxmlformats.org/drawingml/2006/main" xmlns:pic="http://schemas.openxmlformats.org/drawingml/2006/picture"><wp:extent cx="4572000" cy="2755474"/><wp:docPr id="1" name="Picture 1"/><wp:cNvGraphicFramePr><a:graphicFrameLocks noChangeAspect="1"/></wp:cNvGraphicFramePr><a:graphic><a:graphicData uri="http://schemas.openxmlformats.org/drawingml/2006/picture"><pic:pic><pic:nvPicPr><pic:cNvPr id="0" name="Screenshot 2025-08-09 181432.png"/><pic:cNvPicPr/></pic:nvPicPr><pic:blipFill><a:blip r:embed="rId9_11"/><a:stretch><a:fillRect/></a:stretch></pic:blipFill><pic:spPr><a:xfrm><a:off x="0" y="0"/><a:ext cx="4572000" cy="2755474"/></a:xfrm><a:prstGeom prst="rect"/></pic:spPr></pic:pic></a:graphicData></a:graphic></wp:inline></w:drawing></w:r></w:p><w:p><w:pPr><w:pStyle w:val="Heading3_2"/></w:pPr><w:r><w:t>Step 2: Create a new branch &amp; switch to it</w:t></w:r></w:p><w:p><w:r><w:t>Create a branch named GitNewBranch, list branches, and switch to the new branch.</w:t></w:r></w:p><w:p><w:r><w:drawing><wp:inline xmlns:a="http://schemas.openxmlformats.org/drawingml/2006/main" xmlns:pic="http://schemas.openxmlformats.org/drawingml/2006/picture"><wp:extent cx="4572000" cy="2755474"/><wp:docPr id="2" name="Picture 2"/><wp:cNvGraphicFramePr><a:graphicFrameLocks noChangeAspect="1"/></wp:cNvGraphicFramePr><a:graphic><a:graphicData uri="http://schemas.openxmlformats.org/drawingml/2006/picture"><pic:pic><pic:nvPicPr><pic:cNvPr id="0" name="Screenshot 2025-08-09 181549.png"/><pic:cNvPicPr/></pic:nvPicPr><pic:blipFill><a:blip r:embed="rId10_12"/><a:stretch><a:fillRect/></a:stretch></pic:blipFill><pic:spPr><a:xfrm><a:off x="0" y="0"/><a:ext cx="4572000" cy="2755474"/></a:xfrm><a:prstGeom prst="rect"/></pic:spPr></pic:pic></a:graphicData></a:graphic></wp:inline></w:drawing></w:r></w:p><w:p><w:pPr><w:pStyle w:val="Heading3_2"/></w:pPr><w:r><w:t>Step 3: Add files in the new branch</w:t></w:r></w:p><w:p><w:r><w:t>Create two new files in the GitNewBranch branch.</w:t></w:r></w:p><w:p><w:r><w:drawing><wp:inline xmlns:a="http://schemas.openxmlformats.org/drawingml/2006/main" xmlns:pic="http://schemas.openxmlformats.org/drawingml/2006/picture"><wp:extent cx="4572000" cy="2755474"/><wp:docPr id="3" name="Picture 3"/><wp:cNvGraphicFramePr><a:graphicFrameLocks noChangeAspect="1"/></wp:cNvGraphicFramePr><a:graphic><a:graphicData uri="http://schemas.openxmlformats.org/drawingml/2006/picture"><pic:pic><pic:nvPicPr><pic:cNvPr id="0" name="Screenshot 2025-08-09 181634.png"/><pic:cNvPicPr/></pic:nvPicPr><pic:blipFill><a:blip r:embed="rId11_13"/><a:stretch><a:fillRect/></a:stretch></pic:blipFill><pic:spPr><a:xfrm><a:off x="0" y="0"/><a:ext cx="4572000" cy="2755474"/></a:xfrm><a:prstGeom prst="rect"/></pic:spPr></pic:pic></a:graphicData></a:graphic></wp:inline></w:drawing></w:r></w:p><w:p><w:pPr><w:pStyle w:val="Heading3_2"/></w:pPr><w:r><w:t>Step 4: Stage and commit the files</w:t></w:r></w:p><w:p><w:r><w:t>Add the files to staging and commit them.</w:t></w:r></w:p><w:p><w:r><w:drawing><wp:inline xmlns:a="http://schemas.openxmlformats.org/drawingml/2006/main" xmlns:pic="http://schemas.openxmlformats.org/drawingml/2006/picture"><wp:extent cx="4572000" cy="2755474"/><wp:docPr id="4" name="Picture 4"/><wp:cNvGraphicFramePr><a:graphicFrameLocks noChangeAspect="1"/></wp:cNvGraphicFramePr><a:graphic><a:graphicData uri="http://schemas.openxmlformats.org/drawingml/2006/picture"><pic:pic><pic:nvPicPr><pic:cNvPr id="0" name="Screenshot 2025-08-09 181711.png"/><pic:cNvPicPr/></pic:nvPicPr><pic:blipFill><a:blip r:embed="rId12_14"/><a:stretch><a:fillRect/></a:stretch></pic:blipFill><pic:spPr><a:xfrm><a:off x="0" y="0"/><a:ext cx="4572000" cy="2755474"/></a:xfrm><a:prstGeom prst="rect"/></pic:spPr></pic:pic></a:graphicData></a:graphic></wp:inline></w:drawing></w:r></w:p><w:p><w:pPr><w:pStyle w:val="Heading3_2"/></w:pPr><w:r><w:t>Step 5: Attempt to delete branch &amp; push</w:t></w:r></w:p><w:p><w:r><w:t>The branch could not be deleted as it is currently checked out. Pushing failed because no upstream branch was set.</w:t></w:r></w:p><w:p><w:r><w:drawing><wp:inline xmlns:a="http://schemas.openxmlformats.org/drawingml/2006/main" xmlns:pic="http://schemas.openxmlformats.org/drawingml/2006/picture"><wp:extent cx="4572000" cy="2755474"/><wp:docPr id="5" name="Picture 5"/><wp:cNvGraphicFramePr><a:graphicFrameLocks noChangeAspect="1"/></wp:cNvGraphicFramePr><a:graphic><a:graphicData uri="http://schemas.openxmlformats.org/drawingml/2006/picture"><pic:pic><pic:nvPicPr><pic:cNvPr id="0" name="Screenshot 2025-08-09 181924.png"/><pic:cNvPicPr/></pic:nvPicPr><pic:blipFill><a:blip r:embed="rId13_15"/><a:stretch><a:fillRect/></a:stretch></pic:blipFill><pic:spPr><a:xfrm><a:off x="0" y="0"/><a:ext cx="4572000" cy="2755474"/></a:xfrm><a:prstGeom prst="rect"/></pic:spPr></pic:pic></a:graphicData></a:graphic></wp:inline></w:drawing></w:r></w:p><w:p> 					<w:r> 						<w:br w:type="page"/> 					</w:r> 				  </w:p><w:p w14:paraId="3AF2D90B"><w:pPr><w:pStyle w:val="2_3"/></w:pPr><w:r><w:t>Git Hands-On Lab — Merge &amp; Conflict Resolution (Execution Report)</w:t></w:r></w:p><w:p w14:paraId="75CE79F1"><w:pPr><w:pStyle w:val="3_3"/></w:pPr><w:r><w:t>Objective</w:t></w:r></w:p><w:p w14:paraId="0C027AA5"><w:r><w:t>Demonstrate branching, making branch-specific changes, creating conflicting changes on master, and preparing for a merge + conflict resolution.</w:t></w:r></w:p><w:p w14:paraId="40D75C0D"><w:pPr><w:pStyle w:val="3_3"/></w:pPr><w:r><w:t>Prerequisites</w:t></w:r></w:p><w:p w14:paraId="035BB5A0"><w:r><w:t>• Git installed and configured.</w:t></w:r></w:p><w:p w14:paraId="160AB815"><w:r><w:t>• GitDemo repository initialized and connected to remote.</w:t></w:r></w:p><w:p w14:paraId="62405D97"><w:r><w:t>• (Optional) P4Merge installed for visual diffs/merges.</w:t></w:r></w:p><w:p w14:paraId="0F06D1D5"><w:pPr><w:pStyle w:val="3_3"/></w:pPr><w:r><w:t>Execution Steps</w:t></w:r></w:p><w:p w14:paraId="07C54EC0"><w:pPr><w:pStyle w:val="4_3"/></w:pPr><w:r><w:t>Step 1 — Navigate to repository &amp; check state</w:t></w:r></w:p><w:p w14:paraId="2E4EB288"><w:r><w:t>Command:</w:t></w:r></w:p><w:p w14:paraId="0D84A472"><w:r><w:rPr><w:rFonts w:ascii="Courier New" w:hAnsi="Courier New"/></w:rPr><w:t>cd GitDemo</w:t></w:r><w:r><w:rPr><w:rFonts w:ascii="Courier New" w:hAnsi="Courier New"/></w:rPr><w:br w:type="textWrapping"/></w:r><w:r><w:rPr><w:rFonts w:ascii="Courier New" w:hAnsi="Courier New"/></w:rPr><w:t>git status</w:t></w:r><w:r><w:rPr><w:rFonts w:ascii="Courier New" w:hAnsi="Courier New"/></w:rPr><w:br w:type="textWrapping"/></w:r></w:p><w:p w14:paraId="674AE065"><w:r><w:t>Description: Ensured we are inside the GitDemo repository and the working tree was clean on the starting branch.</w:t></w:r></w:p><w:p w14:paraId="38901694"><w:r><w:t>Screenshot:</w:t></w:r></w:p><w:p w14:paraId="19BE9BA5"><w:r><w:drawing><wp:inline distT="0" distB="0" distL="114300" distR="114300"><wp:extent cx="5096510" cy="3071495"/><wp:effectExtent l="0" t="0" r="8890" b="6985"/><wp:docPr id="1" name="Picture 1"/><wp:cNvGraphicFramePr><a:graphicFrameLocks xmlns:a="http://schemas.openxmlformats.org/drawingml/2006/main" noChangeAspect="1"/></wp:cNvGraphicFramePr><a:graphic xmlns:a="http://schemas.openxmlformats.org/drawingml/2006/main"><a:graphicData uri="http://schemas.openxmlformats.org/drawingml/2006/picture"><pic:pic xmlns:pic="http://schemas.openxmlformats.org/drawingml/2006/picture"><pic:nvPicPr><pic:cNvPr id="1" name="Picture 1"/><pic:cNvPicPr><a:picLocks noChangeAspect="1"/></pic:cNvPicPr></pic:nvPicPr><pic:blipFill><a:blip r:embed="rId6_16"/><a:stretch><a:fillRect/></a:stretch></pic:blipFill><pic:spPr><a:xfrm><a:off x="0" y="0"/><a:ext cx="5096510" cy="3071495"/></a:xfrm><a:prstGeom prst="rect"><a:avLst/></a:prstGeom></pic:spPr></pic:pic></a:graphicData></a:graphic></wp:inline></w:drawing></w:r></w:p><w:p w14:paraId="313C152B"><w:pPr><w:pStyle w:val="4_3"/></w:pPr><w:r><w:t>Step 2 — Configure diff/merge tool and create branch</w:t></w:r></w:p><w:p w14:paraId="25DD4371"><w:r><w:t>Commands:</w:t></w:r></w:p><w:p w14:paraId="37996253"><w:r><w:rPr><w:rFonts w:ascii="Courier New" w:hAnsi="Courier New"/></w:rPr><w:t>git config --global diff.tool p4merge</w:t></w:r><w:r><w:rPr><w:rFonts w:ascii="Courier New" w:hAnsi="Courier New"/></w:rPr><w:br w:type="textWrapping"/></w:r><w:r><w:rPr><w:rFonts w:ascii="Courier New" w:hAnsi="Courier New"/></w:rPr><w:t>git config --global difftool.prompt false</w:t></w:r><w:r><w:rPr><w:rFonts w:ascii="Courier New" w:hAnsi="Courier New"/></w:rPr><w:br w:type="textWrapping"/></w:r><w:r><w:rPr><w:rFonts w:ascii="Courier New" w:hAnsi="Courier New"/></w:rPr><w:t>git config --global merge.tool p4merge</w:t></w:r><w:r><w:rPr><w:rFonts w:ascii="Courier New" w:hAnsi="Courier New"/></w:rPr><w:br w:type="textWrapping"/></w:r><w:r><w:rPr><w:rFonts w:ascii="Courier New" w:hAnsi="Courier New"/></w:rPr><w:t>git config --global merge.prompt false</w:t></w:r><w:r><w:rPr><w:rFonts w:ascii="Courier New" w:hAnsi="Courier New"/></w:rPr><w:br w:type="textWrapping"/></w:r><w:r><w:rPr><w:rFonts w:ascii="Courier New" w:hAnsi="Courier New"/></w:rPr><w:t>git checkout -b GitWork</w:t></w:r><w:r><w:rPr><w:rFonts w:ascii="Courier New" w:hAnsi="Courier New"/></w:rPr><w:br w:type="textWrapping"/></w:r><w:r><w:rPr><w:rFonts w:ascii="Courier New" w:hAnsi="Courier New"/></w:rPr><w:t>git branch -a</w:t></w:r><w:r><w:rPr><w:rFonts w:ascii="Courier New" w:hAnsi="Courier New"/></w:rPr><w:br w:type="textWrapping"/></w:r></w:p><w:p w14:paraId="18784388"><w:r><w:t>Description: Set up P4Merge (optional) and created a new branch GitWork.</w:t></w:r></w:p><w:p w14:paraId="3AF244B2"><w:r><w:t>Screenshot:</w:t></w:r></w:p><w:p w14:paraId="39E5CE37"><w:r><w:drawing><wp:inline distT="0" distB="0" distL="114300" distR="114300"><wp:extent cx="5486400" cy="3306445"/><wp:effectExtent l="0" t="0" r="0" b="635"/><wp:docPr id="2" name="Picture 2"/><wp:cNvGraphicFramePr><a:graphicFrameLocks xmlns:a="http://schemas.openxmlformats.org/drawingml/2006/main" noChangeAspect="1"/></wp:cNvGraphicFramePr><a:graphic xmlns:a="http://schemas.openxmlformats.org/drawingml/2006/main"><a:graphicData uri="http://schemas.openxmlformats.org/drawingml/2006/picture"><pic:pic xmlns:pic="http://schemas.openxmlformats.org/drawingml/2006/picture"><pic:nvPicPr><pic:cNvPr id="2" name="Picture 2"/><pic:cNvPicPr><a:picLocks noChangeAspect="1"/></pic:cNvPicPr></pic:nvPicPr><pic:blipFill><a:blip r:embed="rId7_17"/><a:stretch><a:fillRect/></a:stretch></pic:blipFill><pic:spPr><a:xfrm><a:off x="0" y="0"/><a:ext cx="5486400" cy="3306569"/></a:xfrm><a:prstGeom prst="rect"><a:avLst/></a:prstGeom></pic:spPr></pic:pic></a:graphicData></a:graphic></wp:inline></w:drawing></w:r></w:p><w:p w14:paraId="1929C19C"><w:pPr><w:pStyle w:val="4_3"/></w:pPr><w:r><w:t>Step 3 — Create hello.xml on GitWork and commit</w:t></w:r></w:p><w:p w14:paraId="30096DA8"><w:r><w:t>Commands:</w:t></w:r></w:p><w:p w14:paraId="1481AC1A"><w:r><w:rPr><w:rFonts w:ascii="Courier New" w:hAnsi="Courier New"/></w:rPr><w:t>cat &gt; hello.xml &lt;&lt;'EOF'</w:t></w:r><w:r><w:rPr><w:rFonts w:ascii="Courier New" w:hAnsi="Courier New"/></w:rPr><w:br w:type="textWrapping"/></w:r><w:r><w:rPr><w:rFonts w:ascii="Courier New" w:hAnsi="Courier New"/></w:rPr><w:t>&lt;greeting&gt;</w:t></w:r><w:r><w:rPr><w:rFonts w:ascii="Courier New" w:hAnsi="Courier New"/></w:rPr><w:br w:type="textWrapping"/></w:r><w:r><w:rPr><w:rFonts w:ascii="Courier New" w:hAnsi="Courier New"/></w:rPr><w:t xml:space="preserve">  Hello from branch GitWork – line A</w:t></w:r><w:r><w:rPr><w:rFonts w:ascii="Courier New" w:hAnsi="Courier New"/></w:rPr><w:br w:type="textWrapping"/></w:r><w:r><w:rPr><w:rFonts w:ascii="Courier New" w:hAnsi="Courier New"/></w:rPr><w:t>&lt;/greeting&gt;</w:t></w:r><w:r><w:rPr><w:rFonts w:ascii="Courier New" w:hAnsi="Courier New"/></w:rPr><w:br w:type="textWrapping"/></w:r><w:r><w:rPr><w:rFonts w:ascii="Courier New" w:hAnsi="Courier New"/></w:rPr><w:t>EOF</w:t></w:r><w:r><w:rPr><w:rFonts w:ascii="Courier New" w:hAnsi="Courier New"/></w:rPr><w:br w:type="textWrapping"/></w:r><w:r><w:rPr><w:rFonts w:ascii="Courier New" w:hAnsi="Courier New"/></w:rPr><w:t>git add hello.xml</w:t></w:r><w:r><w:rPr><w:rFonts w:ascii="Courier New" w:hAnsi="Courier New"/></w:rPr><w:br w:type="textWrapping"/></w:r><w:r><w:rPr><w:rFonts w:ascii="Courier New" w:hAnsi="Courier New"/></w:rPr><w:t>git commit -m &quot;Add hello.xml on GitWork&quot;</w:t></w:r><w:r><w:rPr><w:rFonts w:ascii="Courier New" w:hAnsi="Courier New"/></w:rPr><w:br w:type="textWrapping"/></w:r></w:p><w:p w14:paraId="7F93F0B1"><w:r><w:t>Description: Created a branch-specific file and committed it on the GitWork branch.</w:t></w:r></w:p><w:p w14:paraId="6E37793A"><w:r><w:t>Screenshot:</w:t></w:r></w:p><w:p w14:paraId="3BD49C2A"><w:r><w:drawing><wp:inline distT="0" distB="0" distL="114300" distR="114300"><wp:extent cx="5486400" cy="3306445"/><wp:effectExtent l="0" t="0" r="0" b="635"/><wp:docPr id="3" name="Picture 3"/><wp:cNvGraphicFramePr><a:graphicFrameLocks xmlns:a="http://schemas.openxmlformats.org/drawingml/2006/main" noChangeAspect="1"/></wp:cNvGraphicFramePr><a:graphic xmlns:a="http://schemas.openxmlformats.org/drawingml/2006/main"><a:graphicData uri="http://schemas.openxmlformats.org/drawingml/2006/picture"><pic:pic xmlns:pic="http://schemas.openxmlformats.org/drawingml/2006/picture"><pic:nvPicPr><pic:cNvPr id="3" name="Picture 3"/><pic:cNvPicPr><a:picLocks noChangeAspect="1"/></pic:cNvPicPr></pic:nvPicPr><pic:blipFill><a:blip r:embed="rId8_18"/><a:stretch><a:fillRect/></a:stretch></pic:blipFill><pic:spPr><a:xfrm><a:off x="0" y="0"/><a:ext cx="5486400" cy="3306569"/></a:xfrm><a:prstGeom prst="rect"><a:avLst/></a:prstGeom></pic:spPr></pic:pic></a:graphicData></a:graphic></wp:inline></w:drawing></w:r></w:p><w:p w14:paraId="34ACF3F2"><w:pPr><w:pStyle w:val="4_3"/></w:pPr><w:r><w:t>Step 4 — Update hello.xml on GitWork and commit</w:t></w:r></w:p><w:p w14:paraId="09D26319"><w:r><w:t>Commands:</w:t></w:r></w:p><w:p w14:paraId="00DB57E4"><w:r><w:rPr><w:rFonts w:ascii="Courier New" w:hAnsi="Courier New"/></w:rPr><w:t>echo &quot;Branch update: This is branch-specific content.&quot; &gt;&gt; hello.xml</w:t></w:r><w:r><w:rPr><w:rFonts w:ascii="Courier New" w:hAnsi="Courier New"/></w:rPr><w:br w:type="textWrapping"/></w:r><w:r><w:rPr><w:rFonts w:ascii="Courier New" w:hAnsi="Courier New"/></w:rPr><w:t>git add hello.xml</w:t></w:r><w:r><w:rPr><w:rFonts w:ascii="Courier New" w:hAnsi="Courier New"/></w:rPr><w:br w:type="textWrapping"/></w:r><w:r><w:rPr><w:rFonts w:ascii="Courier New" w:hAnsi="Courier New"/></w:rPr><w:t>git commit -m &quot;Update hello.xml in GitWork&quot;</w:t></w:r><w:r><w:rPr><w:rFonts w:ascii="Courier New" w:hAnsi="Courier New"/></w:rPr><w:br w:type="textWrapping"/></w:r></w:p><w:p w14:paraId="5F2417BE"><w:r><w:t>Description: Added an extra line to hello.xml and committed the change on GitWork.</w:t></w:r></w:p><w:p w14:paraId="1BA2626A"><w:r><w:t>Screenshot:</w:t></w:r></w:p><w:p w14:paraId="3C8140EC"><w:r><w:drawing><wp:inline distT="0" distB="0" distL="114300" distR="114300"><wp:extent cx="5486400" cy="3306445"/><wp:effectExtent l="0" t="0" r="0" b="635"/><wp:docPr id="4" name="Picture 4"/><wp:cNvGraphicFramePr><a:graphicFrameLocks xmlns:a="http://schemas.openxmlformats.org/drawingml/2006/main" noChangeAspect="1"/></wp:cNvGraphicFramePr><a:graphic xmlns:a="http://schemas.openxmlformats.org/drawingml/2006/main"><a:graphicData uri="http://schemas.openxmlformats.org/drawingml/2006/picture"><pic:pic xmlns:pic="http://schemas.openxmlformats.org/drawingml/2006/picture"><pic:nvPicPr><pic:cNvPr id="4" name="Picture 4"/><pic:cNvPicPr><a:picLocks noChangeAspect="1"/></pic:cNvPicPr></pic:nvPicPr><pic:blipFill><a:blip r:embed="rId9_19"/><a:stretch><a:fillRect/></a:stretch></pic:blipFill><pic:spPr><a:xfrm><a:off x="0" y="0"/><a:ext cx="5486400" cy="3306569"/></a:xfrm><a:prstGeom prst="rect"><a:avLst/></a:prstGeom></pic:spPr></pic:pic></a:graphicData></a:graphic></wp:inline></w:drawing></w:r></w:p><w:p w14:paraId="31A16106"><w:pPr><w:pStyle w:val="4_3"/></w:pPr><w:r><w:t>Step 5 — Add conflicting hello.xml on master and commit</w:t></w:r></w:p><w:p w14:paraId="5C24397E"><w:r><w:t>Commands (example sequence):</w:t></w:r></w:p><w:p w14:paraId="2AD7E186"><w:r><w:rPr><w:rFonts w:ascii="Courier New" w:hAnsi="Courier New"/></w:rPr><w:t>git checkout main</w:t></w:r><w:r><w:rPr><w:rFonts w:ascii="Courier New" w:hAnsi="Courier New"/></w:rPr><w:br w:type="textWrapping"/></w:r><w:r><w:rPr><w:rFonts w:ascii="Courier New" w:hAnsi="Courier New"/></w:rPr><w:t>cat &gt; hello.xml &lt;&lt;'EOF'</w:t></w:r><w:r><w:rPr><w:rFonts w:ascii="Courier New" w:hAnsi="Courier New"/></w:rPr><w:br w:type="textWrapping"/></w:r><w:r><w:rPr><w:rFonts w:ascii="Courier New" w:hAnsi="Courier New"/></w:rPr><w:t>&lt;greeting&gt;</w:t></w:r><w:r><w:rPr><w:rFonts w:ascii="Courier New" w:hAnsi="Courier New"/></w:rPr><w:br w:type="textWrapping"/></w:r><w:r><w:rPr><w:rFonts w:ascii="Courier New" w:hAnsi="Courier New"/></w:rPr><w:t xml:space="preserve">  Hello from master — different content</w:t></w:r><w:r><w:rPr><w:rFonts w:ascii="Courier New" w:hAnsi="Courier New"/></w:rPr><w:br w:type="textWrapping"/></w:r><w:r><w:rPr><w:rFonts w:ascii="Courier New" w:hAnsi="Courier New"/></w:rPr><w:t>&lt;/greeting&gt;</w:t></w:r><w:r><w:rPr><w:rFonts w:ascii="Courier New" w:hAnsi="Courier New"/></w:rPr><w:br w:type="textWrapping"/></w:r><w:r><w:rPr><w:rFonts w:ascii="Courier New" w:hAnsi="Courier New"/></w:rPr><w:t>EOF</w:t></w:r><w:r><w:rPr><w:rFonts w:ascii="Courier New" w:hAnsi="Courier New"/></w:rPr><w:br w:type="textWrapping"/></w:r><w:r><w:rPr><w:rFonts w:ascii="Courier New" w:hAnsi="Courier New"/></w:rPr><w:t>git add hello.xml</w:t></w:r><w:r><w:rPr><w:rFonts w:ascii="Courier New" w:hAnsi="Courier New"/></w:rPr><w:br w:type="textWrapping"/></w:r><w:r><w:rPr><w:rFonts w:ascii="Courier New" w:hAnsi="Courier New"/></w:rPr><w:t>git commit -m &quot;Add conflicting hello.xml on master&quot;</w:t></w:r><w:r><w:rPr><w:rFonts w:ascii="Courier New" w:hAnsi="Courier New"/></w:rPr><w:br w:type="textWrapping"/></w:r></w:p><w:p w14:paraId="40ABB488"><w:r><w:t>Description: Created a different version of hello.xml on main to create a deliberate conflict for the future merge.</w:t></w:r></w:p><w:p w14:paraId="551BFF47"><w:r><w:t>Screenshot:</w:t></w:r></w:p><w:p w14:paraId="069BA0D5"><w:r><w:drawing><wp:inline distT="0" distB="0" distL="114300" distR="114300"><wp:extent cx="5486400" cy="3306445"/><wp:effectExtent l="0" t="0" r="0" b="635"/><wp:docPr id="5" name="Picture 5"/><wp:cNvGraphicFramePr><a:graphicFrameLocks xmlns:a="http://schemas.openxmlformats.org/drawingml/2006/main" noChangeAspect="1"/></wp:cNvGraphicFramePr><a:graphic xmlns:a="http://schemas.openxmlformats.org/drawingml/2006/main"><a:graphicData uri="http://schemas.openxmlformats.org/drawingml/2006/picture"><pic:pic xmlns:pic="http://schemas.openxmlformats.org/drawingml/2006/picture"><pic:nvPicPr><pic:cNvPr id="5" name="Picture 5"/><pic:cNvPicPr><a:picLocks noChangeAspect="1"/></pic:cNvPicPr></pic:nvPicPr><pic:blipFill><a:blip r:embed="rId10_20"/><a:stretch><a:fillRect/></a:stretch></pic:blipFill><pic:spPr><a:xfrm><a:off x="0" y="0"/><a:ext cx="5486400" cy="3306569"/></a:xfrm><a:prstGeom prst="rect"><a:avLst/></a:prstGeom></pic:spPr></pic:pic></a:graphicData></a:graphic></wp:inline></w:drawing></w:r></w:p><w:p w14:paraId="3793B370"><w:pPr><w:pStyle w:val="4_3"/></w:pPr><w:r><w:t>Step 6 — Inspect history and prepare for merge</w:t></w:r></w:p><w:p w14:paraId="29CC109C"><w:r><w:t>Command:</w:t></w:r></w:p><w:p w14:paraId="7A55D191"><w:r><w:rPr><w:rFonts w:ascii="Courier New" w:hAnsi="Courier New"/></w:rPr><w:t>git log --oneline --graph --decorate --all</w:t></w:r><w:r><w:rPr><w:rFonts w:ascii="Courier New" w:hAnsi="Courier New"/></w:rPr><w:br w:type="textWrapping"/></w:r></w:p><w:p w14:paraId="4B147CC9"><w:r><w:t>Description: The commit graph shows diverging commits (separate commits on GitWork and main). This confirms that a merge will produce a conflict in hello.xml.</w:t></w:r></w:p><w:p w14:paraId="08CCD065"><w:pPr><w:pStyle w:val="4_3"/></w:pPr><w:r><w:t>Step 7 — Merge and resolve conflicts (instructions)</w:t></w:r></w:p><w:p w14:paraId="69904DB2"><w:r><w:t>To perform the merge and resolve conflicts, follow these steps:</w:t></w:r><w:r><w:br w:type="textWrapping"/></w:r><w:r><w:br w:type="textWrapping"/></w:r><w:r><w:t>1. Switch to main:</w:t></w:r><w:r><w:br w:type="textWrapping"/></w:r><w:r><w:t xml:space="preserve">   git checkout main</w:t></w:r><w:r><w:br w:type="textWrapping"/></w:r><w:r><w:br w:type="textWrapping"/></w:r><w:r><w:t>2. Merge GitWork into main:</w:t></w:r><w:r><w:br w:type="textWrapping"/></w:r><w:r><w:t xml:space="preserve">   git merge GitWork</w:t></w:r><w:r><w:br w:type="textWrapping"/></w:r><w:r><w:br w:type="textWrapping"/></w:r><w:r><w:t xml:space="preserve">   If conflicts occur, Git will list the files with conflicts (e.g., hello.xml).</w:t></w:r><w:r><w:br w:type="textWrapping"/></w:r><w:r><w:br w:type="textWrapping"/></w:r><w:r><w:t>3. Launch the configured merge tool to resolve conflicts:</w:t></w:r><w:r><w:br w:type="textWrapping"/></w:r><w:r><w:t xml:space="preserve">   git mergetool</w:t></w:r><w:r><w:br w:type="textWrapping"/></w:r><w:r><w:br w:type="textWrapping"/></w:r><w:r><w:t xml:space="preserve">   Resolve conflicts in the 3-way view (LOCAL, BASE, REMOTE). Save the resolved file(s) and exit the merge tool.</w:t></w:r><w:r><w:br w:type="textWrapping"/></w:r><w:r><w:br w:type="textWrapping"/></w:r><w:r><w:t>4. Stage and commit the resolution:</w:t></w:r><w:r><w:br w:type="textWrapping"/></w:r><w:r><w:t xml:space="preserve">   git add hello.xml</w:t></w:r><w:r><w:br w:type="textWrapping"/></w:r><w:r><w:t xml:space="preserve">   git commit -m &quot;Resolved merge conflict for hello.xml&quot;</w:t></w:r><w:r><w:br w:type="textWrapping"/></w:r><w:r><w:br w:type="textWrapping"/></w:r><w:r><w:t>5. Push the resolved main branch to the remote:</w:t></w:r><w:r><w:br w:type="textWrapping"/></w:r><w:r><w:t xml:space="preserve">   git push origin main</w:t></w:r><w:r><w:br w:type="textWrapping"/></w:r><w:r><w:br w:type="textWrapping"/></w:r><w:r><w:t>6. Optionally, add temporary backup files to .gitignore, commit and push the .gitignore if needed.</w:t></w:r><w:r><w:br w:type="textWrapping"/></w:r></w:p><w:p w14:paraId="7D8E2CAA"><w:r><w:t>Note: I did not find screenshots of the actual merge/mergetool UI in the images you provided. If you run the merge and capture screenshots of the conflict markers and the merge tool, I will insert them into the document.</w:t></w:r></w:p><w:p w14:paraId="219BFFAB"><w:pPr><w:pStyle w:val="4_3"/></w:pPr><w:r><w:t>Cleanup &amp; Verification</w:t></w:r></w:p><w:p w14:paraId="7497D9D6"><w:r><w:t>Commands:</w:t></w:r></w:p><w:p w14:paraId="1809518D"><w:r><w:rPr><w:rFonts w:ascii="Courier New" w:hAnsi="Courier New"/></w:rPr><w:t>git branch -a</w:t></w:r><w:r><w:rPr><w:rFonts w:ascii="Courier New" w:hAnsi="Courier New"/></w:rPr><w:br w:type="textWrapping"/></w:r><w:r><w:rPr><w:rFonts w:ascii="Courier New" w:hAnsi="Courier New"/></w:rPr><w:t>git branch -d GitWork</w:t></w:r><w:r><w:rPr><w:rFonts w:ascii="Courier New" w:hAnsi="Courier New"/></w:rPr><w:br w:type="textWrapping"/></w:r><w:r><w:rPr><w:rFonts w:ascii="Courier New" w:hAnsi="Courier New"/></w:rPr><w:t xml:space="preserve"> git log --oneline --graph --decorate</w:t></w:r><w:r><w:rPr><w:rFonts w:ascii="Courier New" w:hAnsi="Courier New"/></w:rPr><w:br w:type="textWrapping"/></w:r></w:p><w:p w14:paraId="18B1FFE3"><w:r><w:t>Description: After resolving conflicts and committing, delete the branch if it is no longer needed and inspect the history.</w:t></w:r></w:p><w:p w14:paraId="7E9C95E0"><w:pPr><w:pStyle w:val="3_3"/></w:pPr><w:r><w:t>Screenshots included</w:t></w:r></w:p><w:p w14:paraId="211F11EB"><w:r><w:t>1. Screenshot 2025-08-09 182404.png</w:t></w:r></w:p><w:p w14:paraId="1BEE7CE1"><w:r><w:t>2. Screenshot 2025-08-09 182551.png</w:t></w:r></w:p><w:p w14:paraId="0DDD4E00"><w:r><w:t>3. Screenshot 2025-08-09 182727.png</w:t></w:r></w:p><w:p w14:paraId="0BA2D4D5"><w:r><w:t>4. Screenshot 2025-08-09 182803.png</w:t></w:r></w:p><w:p w14:paraId="4516D9CE"><w:r><w:t>5. Screenshot 2025-08-09 182856.png</w:t></w:r></w:p><w:p w14:paraId="715C2A86"><w:pPr><w:pStyle w:val="3_3"/></w:pPr><w:r><w:t>Conclusion</w:t></w:r></w:p><w:p w14:paraId="65C1C510"><w:r><w:t>The repository now contains branch-specific changes and a conflicting file on main. Follow the merge steps above to resolve conflicts. Share screenshots of the merge/mergetool run if you want them embedded.</w:t></w:r><w:bookmarkStart w:id="0" w:name="_GoBack"/><w:bookmarkEnd w:id="0"/></w:p><w:p> 					<w:r> 						<w:br w:type="page"/> 					</w:r> 				  </w:p><w:p><w:pPr><w:pStyle w:val="Heading1_4"/></w:pPr><w:r><w:t>Git Merge &amp; Conflict Resolution - Step by Step Execution</w:t></w:r></w:p><w:p><w:pPr><w:pStyle w:val="Heading2_4"/></w:pPr><w:r><w:t>Step 1: Navigate to the Git Repository</w:t></w:r></w:p><w:p><w:r><w:t>Open Git Bash and navigate to the GitDemo repository.</w:t></w:r></w:p><w:p><w:r><w:drawing><wp:inline xmlns:a="http://schemas.openxmlformats.org/drawingml/2006/main" xmlns:pic="http://schemas.openxmlformats.org/drawingml/2006/picture"><wp:extent cx="5029200" cy="3031021"/><wp:docPr id="1" name="Picture 1"/><wp:cNvGraphicFramePr><a:graphicFrameLocks noChangeAspect="1"/></wp:cNvGraphicFramePr><a:graphic><a:graphicData uri="http://schemas.openxmlformats.org/drawingml/2006/picture"><pic:pic><pic:nvPicPr><pic:cNvPr id="0" name="Screenshot 2025-08-09 182404.png"/><pic:cNvPicPr/></pic:nvPicPr><pic:blipFill><a:blip r:embed="rId9_21"/><a:stretch><a:fillRect/></a:stretch></pic:blipFill><pic:spPr><a:xfrm><a:off x="0" y="0"/><a:ext cx="5029200" cy="3031021"/></a:xfrm><a:prstGeom prst="rect"/></pic:spPr></pic:pic></a:graphicData></a:graphic></wp:inline></w:drawing></w:r></w:p><w:p><w:pPr><w:pStyle w:val="Heading2_4"/></w:pPr><w:r><w:t>Step 2: Check Git Status</w:t></w:r></w:p><w:p><w:r><w:t>Check the current status to ensure you are on the correct branch (GitWork).</w:t></w:r></w:p><w:p><w:r><w:drawing><wp:inline xmlns:a="http://schemas.openxmlformats.org/drawingml/2006/main" xmlns:pic="http://schemas.openxmlformats.org/drawingml/2006/picture"><wp:extent cx="5029200" cy="3031021"/><wp:docPr id="2" name="Picture 2"/><wp:cNvGraphicFramePr><a:graphicFrameLocks noChangeAspect="1"/></wp:cNvGraphicFramePr><a:graphic><a:graphicData uri="http://schemas.openxmlformats.org/drawingml/2006/picture"><pic:pic><pic:nvPicPr><pic:cNvPr id="0" name="Screenshot 2025-08-09 182551.png"/><pic:cNvPicPr/></pic:nvPicPr><pic:blipFill><a:blip r:embed="rId10_22"/><a:stretch><a:fillRect/></a:stretch></pic:blipFill><pic:spPr><a:xfrm><a:off x="0" y="0"/><a:ext cx="5029200" cy="3031021"/></a:xfrm><a:prstGeom prst="rect"/></pic:spPr></pic:pic></a:graphicData></a:graphic></wp:inline></w:drawing></w:r></w:p><w:p><w:pPr><w:pStyle w:val="Heading2_4"/></w:pPr><w:r><w:t>Step 3: Stage and Commit Changes</w:t></w:r></w:p><w:p><w:r><w:t>Stage any changes and commit them before merging to ensure a clean working directory.</w:t></w:r></w:p><w:p><w:r><w:drawing><wp:inline xmlns:a="http://schemas.openxmlformats.org/drawingml/2006/main" xmlns:pic="http://schemas.openxmlformats.org/drawingml/2006/picture"><wp:extent cx="5029200" cy="3031021"/><wp:docPr id="3" name="Picture 3"/><wp:cNvGraphicFramePr><a:graphicFrameLocks noChangeAspect="1"/></wp:cNvGraphicFramePr><a:graphic><a:graphicData uri="http://schemas.openxmlformats.org/drawingml/2006/picture"><pic:pic><pic:nvPicPr><pic:cNvPr id="0" name="Screenshot 2025-08-09 182727.png"/><pic:cNvPicPr/></pic:nvPicPr><pic:blipFill><a:blip r:embed="rId11_23"/><a:stretch><a:fillRect/></a:stretch></pic:blipFill><pic:spPr><a:xfrm><a:off x="0" y="0"/><a:ext cx="5029200" cy="3031021"/></a:xfrm><a:prstGeom prst="rect"/></pic:spPr></pic:pic></a:graphicData></a:graphic></wp:inline></w:drawing></w:r></w:p><w:p><w:pPr><w:pStyle w:val="Heading2_4"/></w:pPr><w:r><w:t>Step 4: Switch to Main Branch</w:t></w:r></w:p><w:p><w:r><w:t>Switch from GitWork branch to main branch to prepare for merging.</w:t></w:r></w:p><w:p><w:r><w:drawing><wp:inline xmlns:a="http://schemas.openxmlformats.org/drawingml/2006/main" xmlns:pic="http://schemas.openxmlformats.org/drawingml/2006/picture"><wp:extent cx="5029200" cy="3031021"/><wp:docPr id="4" name="Picture 4"/><wp:cNvGraphicFramePr><a:graphicFrameLocks noChangeAspect="1"/></wp:cNvGraphicFramePr><a:graphic><a:graphicData uri="http://schemas.openxmlformats.org/drawingml/2006/picture"><pic:pic><pic:nvPicPr><pic:cNvPr id="0" name="Screenshot 2025-08-09 182803.png"/><pic:cNvPicPr/></pic:nvPicPr><pic:blipFill><a:blip r:embed="rId12_24"/><a:stretch><a:fillRect/></a:stretch></pic:blipFill><pic:spPr><a:xfrm><a:off x="0" y="0"/><a:ext cx="5029200" cy="3031021"/></a:xfrm><a:prstGeom prst="rect"/></pic:spPr></pic:pic></a:graphicData></a:graphic></wp:inline></w:drawing></w:r></w:p><w:p><w:pPr><w:pStyle w:val="Heading2_4"/></w:pPr><w:r><w:t>Step 5: Pull Latest Changes</w:t></w:r></w:p><w:p><w:r><w:t>Pull the latest changes from the remote main branch to ensure it is up to date.</w:t></w:r></w:p><w:p><w:r><w:drawing><wp:inline xmlns:a="http://schemas.openxmlformats.org/drawingml/2006/main" xmlns:pic="http://schemas.openxmlformats.org/drawingml/2006/picture"><wp:extent cx="5029200" cy="3031021"/><wp:docPr id="5" name="Picture 5"/><wp:cNvGraphicFramePr><a:graphicFrameLocks noChangeAspect="1"/></wp:cNvGraphicFramePr><a:graphic><a:graphicData uri="http://schemas.openxmlformats.org/drawingml/2006/picture"><pic:pic><pic:nvPicPr><pic:cNvPr id="0" name="Screenshot 2025-08-09 182856.png"/><pic:cNvPicPr/></pic:nvPicPr><pic:blipFill><a:blip r:embed="rId13_25"/><a:stretch><a:fillRect/></a:stretch></pic:blipFill><pic:spPr><a:xfrm><a:off x="0" y="0"/><a:ext cx="5029200" cy="3031021"/></a:xfrm><a:prstGeom prst="rect"/></pic:spPr></pic:pic></a:graphicData></a:graphic></wp:inline></w:drawing></w:r></w:p><w:p><w:pPr><w:pStyle w:val="Heading2_4"/></w:pPr><w:r><w:t>Step 6: Merge GitWork into Main</w:t></w:r></w:p><w:p><w:r><w:t>Merge the changes from GitWork branch into the main branch.</w:t></w:r></w:p><w:p><w:r><w:drawing><wp:inline xmlns:a="http://schemas.openxmlformats.org/drawingml/2006/main" xmlns:pic="http://schemas.openxmlformats.org/drawingml/2006/picture"><wp:extent cx="5029200" cy="3031021"/><wp:docPr id="6" name="Picture 6"/><wp:cNvGraphicFramePr><a:graphicFrameLocks noChangeAspect="1"/></wp:cNvGraphicFramePr><a:graphic><a:graphicData uri="http://schemas.openxmlformats.org/drawingml/2006/picture"><pic:pic><pic:nvPicPr><pic:cNvPr id="0" name="2025-08-09T15-25-56.098Z.png"/><pic:cNvPicPr/></pic:nvPicPr><pic:blipFill><a:blip r:embed="rId14_26"/><a:stretch><a:fillRect/></a:stretch></pic:blipFill><pic:spPr><a:xfrm><a:off x="0" y="0"/><a:ext cx="5029200" cy="3031021"/></a:xfrm><a:prstGeom prst="rect"/></pic:spPr></pic:pic></a:graphicData></a:graphic></wp:inline></w:drawing></w:r></w:p><w:p><w:pPr><w:pStyle w:val="Heading2_4"/></w:pPr><w:r><w:t>Step 7: Merge Completed</w:t></w:r></w:p><w:p><w:r><w:t>Verify that merge is successful and no conflicts remain.</w:t></w:r></w:p><w:p><w:r><w:drawing><wp:inline xmlns:a="http://schemas.openxmlformats.org/drawingml/2006/main" xmlns:pic="http://schemas.openxmlformats.org/drawingml/2006/picture"><wp:extent cx="5029200" cy="3031021"/><wp:docPr id="7" name="Picture 7"/><wp:cNvGraphicFramePr><a:graphicFrameLocks noChangeAspect="1"/></wp:cNvGraphicFramePr><a:graphic><a:graphicData uri="http://schemas.openxmlformats.org/drawingml/2006/picture"><pic:pic><pic:nvPicPr><pic:cNvPr id="0" name="2025-08-09T15-26-40.091Z.png"/><pic:cNvPicPr/></pic:nvPicPr><pic:blipFill><a:blip r:embed="rId15_27"/><a:stretch><a:fillRect/></a:stretch></pic:blipFill><pic:spPr><a:xfrm><a:off x="0" y="0"/><a:ext cx="5029200" cy="3031021"/></a:xfrm><a:prstGeom prst="rect"/></pic:spPr></pic:pic></a:graphicData></a:graphic></wp:inline></w:drawing></w:r></w:p><w:sectPr><w:pgSz w:w="12240" w:h="15840"/><w:pgMar w:top="1440" w:right="1800" w:bottom="1440" w:left="1800" w:header="720" w:footer="720" w:gutter="0"/><w:cols w:space="720" w:num="1"/><w:docGrid w:linePitch="360" w:charSpace="0"/></w:sectPr></w:body></w:document>