<?xml version="1.0" encoding="UTF-8" standalone="yes"?>
<w:fonts xmlns:mc="http://schemas.openxmlformats.org/markup-compatibility/2006" xmlns:r="http://schemas.openxmlformats.org/officeDocument/2006/relationships" xmlns:w="http://schemas.openxmlformats.org/wordprocessingml/2006/main" xmlns:w14="http://schemas.microsoft.com/office/word/2010/wordml" mc:Ignorable="w14"><w:font w:name="Times New Roman"><w:panose1 w:val="02020603050405020304"/><w:charset w:val="00"/><w:family w:val="roman"/><w:pitch w:val="variable"/><w:sig w:usb0="20007A87" w:usb1="80000000" w:usb2="00000008" w:usb3="00000000" w:csb0="000001FF" w:csb1="00000000"/></w:font><w:font w:name="宋体"><w:altName w:val="SimSun"/><w:panose1 w:val="02010600030101010101"/><w:charset w:val="86"/><w:family w:val="auto"/><w:pitch w:val="variable"/><w:sig w:usb0="00000003" w:usb1="080E0000" w:usb2="00000010" w:usb3="00000000" w:csb0="00040001" w:csb1="00000000"/></w:font><w:font w:name="SimSun"><w:panose1 w:val="02010600030101010101"/><w:charset w:val="86"/><w:family w:val="auto"/><w:pitch w:val="default"/><w:sig w:usb0="00000203" w:usb1="288F0000" w:usb2="00000006" w:usb3="00000000" w:csb0="00040001" w:csb1="00000000"/></w:font><w:font w:name="Arial"><w:panose1 w:val="020B0604020202020204"/><w:charset w:val="00"/><w:family w:val="swiss"/><w:pitch w:val="default"/><w:sig w:usb0="E0002EFF" w:usb1="C000785B" w:usb2="00000009" w:usb3="00000000" w:csb0="400001FF" w:csb1="FFFF0000"/></w:font><w:font w:name="黑体"><w:altName w:val="SimSun"/><w:panose1 w:val="02010600030101010101"/><w:charset w:val="86"/><w:family w:val="auto"/><w:pitch w:val="default"/><w:sig w:usb0="00000001" w:usb1="080E0000" w:usb2="00000010" w:usb3="00000000" w:csb0="00040000" w:csb1="00000000"/></w:font><w:font w:name="Courier New"><w:panose1 w:val="02070309020205020404"/><w:charset w:val="00"/><w:family w:val="modern"/><w:pitch w:val="default"/><w:sig w:usb0="E0002EFF" w:usb1="C0007843" w:usb2="00000009" w:usb3="00000000" w:csb0="400001FF" w:csb1="FFFF0000"/></w:font><w:font w:name="Wingdings"><w:panose1 w:val="05000000000000000000"/><w:charset w:val="02"/><w:family w:val="auto"/><w:pitch w:val="default"/><w:sig w:usb0="00000000" w:usb1="00000000" w:usb2="00000000" w:usb3="00000000" w:csb0="80000000" w:csb1="00000000"/></w:font><w:font w:name="Calibri"><w:panose1 w:val="020F0502020204030204"/><w:charset w:val="00"/><w:family w:val="swiss"/><w:pitch w:val="default"/><w:sig w:usb0="E4002EFF" w:usb1="C200247B" w:usb2="00000009" w:usb3="00000000" w:csb0="200001FF" w:csb1="00000000"/></w:font><w:font w:name="等线"><w:altName w:val="Microsoft YaHei"/><w:panose1 w:val="00000000000000000000"/><w:charset w:val="86"/><w:family w:val="auto"/><w:pitch w:val="default"/><w:sig w:usb0="00000000" w:usb1="00000000" w:usb2="00000000" w:usb3="00000000" w:csb0="00000000" w:csb1="00000000"/></w:font><w:font w:name="Cambria"><w:panose1 w:val="02040503050406030204"/><w:charset w:val="00"/><w:family w:val="auto"/><w:pitch w:val="default"/><w:sig w:usb0="E00006FF" w:usb1="420024FF" w:usb2="02000000" w:usb3="00000000" w:csb0="2000019F" w:csb1="00000000"/></w:font><w:font w:name="ＭＳ 明朝"><w:altName w:val="Yu Gothic"/><w:panose1 w:val="00000000000000000000"/><w:charset w:val="80"/><w:family w:val="roman"/><w:pitch w:val="default"/><w:sig w:usb0="00000000" w:usb1="00000000" w:usb2="00000010" w:usb3="00000000" w:csb0="00020000" w:csb1="00000000"/></w:font><w:font w:name="ＭＳ 明朝"><w:altName w:val="SimSun"/><w:panose1 w:val="00000000000000000000"/><w:charset w:val="86"/><w:family w:val="auto"/><w:pitch w:val="default"/><w:sig w:usb0="00000000" w:usb1="00000000" w:usb2="00000000" w:usb3="00000000" w:csb0="00000000" w:csb1="00000000"/></w:font><w:font w:name="MS Gothic"><w:panose1 w:val="020B0609070205080204"/><w:charset w:val="80"/><w:family w:val="modern"/><w:pitch w:val="default"/><w:sig w:usb0="E00002FF" w:usb1="6AC7FDFB" w:usb2="08000012" w:usb3="00000000" w:csb0="4002009F" w:csb1="DFD70000"/></w:font><w:font w:name="Symbol"><w:panose1 w:val="05050102010706020507"/><w:charset w:val="02"/><w:family w:val="auto"/><w:pitch w:val="default"/><w:sig w:usb0="00000000" w:usb1="00000000" w:usb2="00000000" w:usb3="00000000" w:csb0="80000000" w:csb1="00000000"/></w:font><w:font w:name="Courier"><w:altName w:val="Courier New"/><w:panose1 w:val="02000500000000000000"/><w:charset w:val="00"/><w:family w:val="auto"/><w:pitch w:val="default"/><w:sig w:usb0="00000000" w:usb1="00000000" w:usb2="00000000" w:usb3="00000000" w:csb0="00000001" w:csb1="00000000"/></w:font><w:font w:name="ＭＳ 明朝"><w:altName w:val="Segoe Print"/><w:panose1 w:val="00000000000000000000"/><w:charset w:val="00"/><w:family w:val="auto"/><w:pitch w:val="default"/><w:sig w:usb0="00000000" w:usb1="00000000" w:usb2="00000000" w:usb3="00000000" w:csb0="00000000" w:csb1="00000000"/></w:font><w:font w:name="Segoe Print"><w:panose1 w:val="02000600000000000000"/><w:charset w:val="00"/><w:family w:val="auto"/><w:pitch w:val="default"/><w:sig w:usb0="0000028F" w:usb1="00000000" w:usb2="00000000" w:usb3="00000000" w:csb0="2000009F" w:csb1="47010000"/></w:font><w:font w:name="Microsoft YaHei"><w:panose1 w:val="020B0503020204020204"/><w:charset w:val="86"/><w:family w:val="auto"/><w:pitch w:val="default"/><w:sig w:usb0="80000287" w:usb1="2ACF3C50" w:usb2="00000016" w:usb3="00000000" w:csb0="0004001F" w:csb1="00000000"/></w:font><w:font w:name="Yu Gothic"><w:panose1 w:val="020B0400000000000000"/><w:charset w:val="80"/><w:family w:val="auto"/><w:pitch w:val="default"/><w:sig w:usb0="E00002FF" w:usb1="2AC7FDFF" w:usb2="00000016" w:usb3="00000000" w:csb0="2002009F" w:csb1="00000000"/></w:font></w:fonts>