<?xml version="1.0" encoding="UTF-8" standalone="yes"?>
<w:numbering xmlns:wpc="http://schemas.microsoft.com/office/word/2010/wordprocessingCanvas" xmlns:mc="http://schemas.openxmlformats.org/markup-compatibility/2006" xmlns:o="urn:schemas-microsoft-com:office:office" xmlns:r="http://schemas.openxmlformats.org/officeDocument/2006/relationships" xmlns:m="http://schemas.openxmlformats.org/officeDocument/2006/math" xmlns:v="urn:schemas-microsoft-com:vml" xmlns:wp14="http://schemas.microsoft.com/office/word/2010/wordprocessingDrawing" xmlns:wp="http://schemas.openxmlformats.org/drawingml/2006/wordprocessingDrawing" xmlns:w10="urn:schemas-microsoft-com:office:word" xmlns:w="http://schemas.openxmlformats.org/wordprocessingml/2006/main" xmlns:w14="http://schemas.microsoft.com/office/word/2010/wordml" xmlns:wpg="http://schemas.microsoft.com/office/word/2010/wordprocessingGroup" xmlns:wpi="http://schemas.microsoft.com/office/word/2010/wordprocessingInk" xmlns:wne="http://schemas.microsoft.com/office/word/2006/wordml" xmlns:wps="http://schemas.microsoft.com/office/word/2010/wordprocessingShape" xmlns:wpsCustomData="http://www.wps.cn/officeDocument/2013/wpsCustomData" mc:Ignorable="w14 wp14"><w:abstractNum w:abstractNumId="00" w:val="_0_0_0"><w:nsid w:val="FFFFFF7E"/><w:multiLevelType w:val="singleLevel"/><w:tmpl w:val="FFFFFF7E"/><w:lvl w:ilvl="0" w:tentative="0"><w:start w:val="1"/><w:numFmt w:val="decimal"/><w:pStyle w:val="31_0"/><w:lvlText w:val="%1."/><w:lvlJc w:val="left"/><w:pPr><w:tabs><w:tab w:val="left" w:pos="1080"/></w:tabs><w:ind w:left="1080" w:hanging="360"/></w:pPr></w:lvl></w:abstractNum><w:abstractNum w:abstractNumId="10" w:val="_0_0_0"><w:nsid w:val="FFFFFF7F"/><w:multiLevelType w:val="singleLevel"/><w:tmpl w:val="FFFFFF7F"/><w:lvl w:ilvl="0" w:tentative="0"><w:start w:val="1"/><w:numFmt w:val="decimal"/><w:pStyle w:val="30_0"/><w:lvlText w:val="%1."/><w:lvlJc w:val="left"/><w:pPr><w:tabs><w:tab w:val="left" w:pos="720"/></w:tabs><w:ind w:left="720" w:hanging="360"/></w:pPr></w:lvl></w:abstractNum><w:abstractNum w:abstractNumId="20" w:val="_0_0_0"><w:nsid w:val="FFFFFF82"/><w:multiLevelType w:val="singleLevel"/><w:tmpl w:val="FFFFFF82"/><w:lvl w:ilvl="0" w:tentative="0"><w:start w:val="1"/><w:numFmt w:val="bullet"/><w:pStyle w:val="25_0"/><w:lvlText w:val=""/><w:lvlJc w:val="left"/><w:pPr><w:tabs><w:tab w:val="left" w:pos="1080"/></w:tabs><w:ind w:left="1080" w:hanging="360"/></w:pPr><w:rPr><w:rFonts w:hint="default" w:ascii="Symbol" w:hAnsi="Symbol"/></w:rPr></w:lvl></w:abstractNum><w:abstractNum w:abstractNumId="30" w:val="_0_0_0"><w:nsid w:val="FFFFFF83"/><w:multiLevelType w:val="singleLevel"/><w:tmpl w:val="FFFFFF83"/><w:lvl w:ilvl="0" w:tentative="0"><w:start w:val="1"/><w:numFmt w:val="bullet"/><w:pStyle w:val="24_0"/><w:lvlText w:val=""/><w:lvlJc w:val="left"/><w:pPr><w:tabs><w:tab w:val="left" w:pos="720"/></w:tabs><w:ind w:left="720" w:hanging="360"/></w:pPr><w:rPr><w:rFonts w:hint="default" w:ascii="Symbol" w:hAnsi="Symbol"/></w:rPr></w:lvl></w:abstractNum><w:abstractNum w:abstractNumId="40" w:val="_0_0_0"><w:nsid w:val="FFFFFF88"/><w:multiLevelType w:val="singleLevel"/><w:tmpl w:val="FFFFFF88"/><w:lvl w:ilvl="0" w:tentative="0"><w:start w:val="1"/><w:numFmt w:val="decimal"/><w:pStyle w:val="29_0"/><w:lvlText w:val="%1."/><w:lvlJc w:val="left"/><w:pPr><w:tabs><w:tab w:val="left" w:pos="360"/></w:tabs><w:ind w:left="360" w:hanging="360"/></w:pPr></w:lvl></w:abstractNum><w:abstractNum w:abstractNumId="50" w:val="_0_0_0"><w:nsid w:val="FFFFFF89"/><w:multiLevelType w:val="singleLevel"/><w:tmpl w:val="FFFFFF89"/><w:lvl w:ilvl="0" w:tentative="0"><w:start w:val="1"/><w:numFmt w:val="bullet"/><w:pStyle w:val="23_0"/><w:lvlText w:val=""/><w:lvlJc w:val="left"/><w:pPr><w:tabs><w:tab w:val="left" w:pos="360"/></w:tabs><w:ind w:left="360" w:hanging="360"/></w:pPr><w:rPr><w:rFonts w:hint="default" w:ascii="Symbol" w:hAnsi="Symbol"/></w:rPr></w:lvl></w:abstractNum><w:num w:numId="10" w:val="0"><w:abstractNumId w:val="50"/></w:num><w:num w:numId="20" w:val="0"><w:abstractNumId w:val="30"/></w:num><w:num w:numId="30" w:val="0"><w:abstractNumId w:val="20"/></w:num><w:num w:numId="40" w:val="0"><w:abstractNumId w:val="40"/></w:num><w:num w:numId="50" w:val="0"><w:abstractNumId w:val="10"/></w:num><w:num w:numId="60" w:val="0"><w:abstractNumId w:val="00"/></w:num><w:abstractNum w:abstractNumId="01" w:val="_1_1_1"><w:nsid w:val="FFFFFF7E"/><w:multiLevelType w:val="singleLevel"/><w:tmpl w:val="FFFFFF7E"/><w:lvl w:ilvl="0" w:tentative="0"><w:start w:val="1"/><w:numFmt w:val="decimal"/><w:pStyle w:val="31_1"/><w:lvlText w:val="%1."/><w:lvlJc w:val="left"/><w:pPr><w:tabs><w:tab w:val="left" w:pos="1080"/></w:tabs><w:ind w:left="1080" w:hanging="360"/></w:pPr></w:lvl></w:abstractNum><w:abstractNum w:abstractNumId="11" w:val="_1_1_1"><w:nsid w:val="FFFFFF7F"/><w:multiLevelType w:val="singleLevel"/><w:tmpl w:val="FFFFFF7F"/><w:lvl w:ilvl="0" w:tentative="0"><w:start w:val="1"/><w:numFmt w:val="decimal"/><w:pStyle w:val="30_1"/><w:lvlText w:val="%1."/><w:lvlJc w:val="left"/><w:pPr><w:tabs><w:tab w:val="left" w:pos="720"/></w:tabs><w:ind w:left="720" w:hanging="360"/></w:pPr></w:lvl></w:abstractNum><w:abstractNum w:abstractNumId="21" w:val="_1_1_1"><w:nsid w:val="FFFFFF82"/><w:multiLevelType w:val="singleLevel"/><w:tmpl w:val="FFFFFF82"/><w:lvl w:ilvl="0" w:tentative="0"><w:start w:val="1"/><w:numFmt w:val="bullet"/><w:pStyle w:val="25_1"/><w:lvlText w:val=""/><w:lvlJc w:val="left"/><w:pPr><w:tabs><w:tab w:val="left" w:pos="1080"/></w:tabs><w:ind w:left="1080" w:hanging="360"/></w:pPr><w:rPr><w:rFonts w:hint="default" w:ascii="Symbol" w:hAnsi="Symbol"/></w:rPr></w:lvl></w:abstractNum><w:abstractNum w:abstractNumId="31" w:val="_1_1_1"><w:nsid w:val="FFFFFF83"/><w:multiLevelType w:val="singleLevel"/><w:tmpl w:val="FFFFFF83"/><w:lvl w:ilvl="0" w:tentative="0"><w:start w:val="1"/><w:numFmt w:val="bullet"/><w:pStyle w:val="24_1"/><w:lvlText w:val=""/><w:lvlJc w:val="left"/><w:pPr><w:tabs><w:tab w:val="left" w:pos="720"/></w:tabs><w:ind w:left="720" w:hanging="360"/></w:pPr><w:rPr><w:rFonts w:hint="default" w:ascii="Symbol" w:hAnsi="Symbol"/></w:rPr></w:lvl></w:abstractNum><w:abstractNum w:abstractNumId="41" w:val="_1_1_1"><w:nsid w:val="FFFFFF88"/><w:multiLevelType w:val="singleLevel"/><w:tmpl w:val="FFFFFF88"/><w:lvl w:ilvl="0" w:tentative="0"><w:start w:val="1"/><w:numFmt w:val="decimal"/><w:pStyle w:val="29_1"/><w:lvlText w:val="%1."/><w:lvlJc w:val="left"/><w:pPr><w:tabs><w:tab w:val="left" w:pos="360"/></w:tabs><w:ind w:left="360" w:hanging="360"/></w:pPr></w:lvl></w:abstractNum><w:abstractNum w:abstractNumId="51" w:val="_1_1_1"><w:nsid w:val="FFFFFF89"/><w:multiLevelType w:val="singleLevel"/><w:tmpl w:val="FFFFFF89"/><w:lvl w:ilvl="0" w:tentative="0"><w:start w:val="1"/><w:numFmt w:val="bullet"/><w:pStyle w:val="23_1"/><w:lvlText w:val=""/><w:lvlJc w:val="left"/><w:pPr><w:tabs><w:tab w:val="left" w:pos="360"/></w:tabs><w:ind w:left="360" w:hanging="360"/></w:pPr><w:rPr><w:rFonts w:hint="default" w:ascii="Symbol" w:hAnsi="Symbol"/></w:rPr></w:lvl></w:abstractNum><w:num w:numId="11" w:val="1"><w:abstractNumId w:val="51"/></w:num><w:num w:numId="21" w:val="1"><w:abstractNumId w:val="31"/></w:num><w:num w:numId="31" w:val="1"><w:abstractNumId w:val="21"/></w:num><w:num w:numId="41" w:val="1"><w:abstractNumId w:val="41"/></w:num><w:num w:numId="51" w:val="1"><w:abstractNumId w:val="11"/></w:num><w:num w:numId="61" w:val="1"><w:abstractNumId w:val="01"/></w:num><w:abstractNum w:abstractNumId="02" w:val="_2_2_2"><w:nsid w:val="FFFFFF7C"/><w:multiLevelType w:val="singleLevel"/><w:tmpl w:val="C310EC42"/><w:lvl w:ilvl="0"><w:start w:val="1"/><w:numFmt w:val="decimal"/><w:lvlText w:val="%1."/><w:lvlJc w:val="left"/><w:pPr><w:tabs><w:tab w:val="num" w:pos="1800"/></w:tabs><w:ind w:left="1800" w:hanging="360"/></w:pPr></w:lvl></w:abstractNum><w:abstractNum w:abstractNumId="12" w:val="_2_2_2"><w:nsid w:val="FFFFFF7D"/><w:multiLevelType w:val="singleLevel"/><w:tmpl w:val="E4089024"/><w:lvl w:ilvl="0"><w:start w:val="1"/><w:numFmt w:val="decimal"/><w:lvlText w:val="%1."/><w:lvlJc w:val="left"/><w:pPr><w:tabs><w:tab w:val="num" w:pos="1440"/></w:tabs><w:ind w:left="1440" w:hanging="360"/></w:pPr></w:lvl></w:abstractNum><w:abstractNum w:abstractNumId="22" w:val="_2_2_2"><w:nsid w:val="FFFFFF7E"/><w:multiLevelType w:val="singleLevel"/><w:tmpl w:val="FB12693A"/><w:lvl w:ilvl="0"><w:start w:val="1"/><w:numFmt w:val="decimal"/><w:pStyle w:val="ListNumber3_2"/><w:lvlText w:val="%1."/><w:lvlJc w:val="left"/><w:pPr><w:tabs><w:tab w:val="num" w:pos="1080"/></w:tabs><w:ind w:left="1080" w:hanging="360"/></w:pPr></w:lvl></w:abstractNum><w:abstractNum w:abstractNumId="32" w:val="_2_2_2"><w:nsid w:val="FFFFFF7F"/><w:multiLevelType w:val="singleLevel"/><w:tmpl w:val="38441652"/><w:lvl w:ilvl="0"><w:start w:val="1"/><w:numFmt w:val="decimal"/><w:pStyle w:val="ListNumber2_2"/><w:lvlText w:val="%1."/><w:lvlJc w:val="left"/><w:pPr><w:tabs><w:tab w:val="num" w:pos="720"/></w:tabs><w:ind w:left="720" w:hanging="360"/></w:pPr></w:lvl></w:abstractNum><w:abstractNum w:abstractNumId="42" w:val="_2_2_2"><w:nsid w:val="FFFFFF81"/><w:multiLevelType w:val="singleLevel"/><w:tmpl w:val="171AC3A4"/><w:lvl w:ilvl="0"><w:start w:val="1"/><w:numFmt w:val="bullet"/><w:lvlText w:val=""/><w:lvlJc w:val="left"/><w:pPr><w:tabs><w:tab w:val="num" w:pos="1440"/></w:tabs><w:ind w:left="1440" w:hanging="360"/></w:pPr><w:rPr><w:rFonts w:ascii="Symbol" w:hAnsi="Symbol" w:hint="default"/></w:rPr></w:lvl></w:abstractNum><w:abstractNum w:abstractNumId="52" w:val="_2_2_2"><w:nsid w:val="FFFFFF82"/><w:multiLevelType w:val="singleLevel"/><w:tmpl w:val="F3EAFDEC"/><w:lvl w:ilvl="0"><w:start w:val="1"/><w:numFmt w:val="bullet"/><w:pStyle w:val="ListBullet3_2"/><w:lvlText w:val=""/><w:lvlJc w:val="left"/><w:pPr><w:tabs><w:tab w:val="num" w:pos="1080"/></w:tabs><w:ind w:left="1080" w:hanging="360"/></w:pPr><w:rPr><w:rFonts w:ascii="Symbol" w:hAnsi="Symbol" w:hint="default"/></w:rPr></w:lvl></w:abstractNum><w:abstractNum w:abstractNumId="62" w:val="_2_2_2"><w:nsid w:val="FFFFFF83"/><w:multiLevelType w:val="singleLevel"/><w:tmpl w:val="3D1EFFD4"/><w:lvl w:ilvl="0"><w:start w:val="1"/><w:numFmt w:val="bullet"/><w:pStyle w:val="ListBullet2_2"/><w:lvlText w:val=""/><w:lvlJc w:val="left"/><w:pPr><w:tabs><w:tab w:val="num" w:pos="720"/></w:tabs><w:ind w:left="720" w:hanging="360"/></w:pPr><w:rPr><w:rFonts w:ascii="Symbol" w:hAnsi="Symbol" w:hint="default"/></w:rPr></w:lvl></w:abstractNum><w:abstractNum w:abstractNumId="72" w:val="_2_2_2"><w:nsid w:val="FFFFFF88"/><w:multiLevelType w:val="singleLevel"/><w:tmpl w:val="D0A62B40"/><w:lvl w:ilvl="0"><w:start w:val="1"/><w:numFmt w:val="decimal"/><w:pStyle w:val="ListNumber_2"/><w:lvlText w:val="%1."/><w:lvlJc w:val="left"/><w:pPr><w:tabs><w:tab w:val="num" w:pos="360"/></w:tabs><w:ind w:left="360" w:hanging="360"/></w:pPr></w:lvl></w:abstractNum><w:abstractNum w:abstractNumId="82" w:val="_2_2_2"><w:nsid w:val="FFFFFF89"/><w:multiLevelType w:val="singleLevel"/><w:tmpl w:val="29761A62"/><w:lvl w:ilvl="0"><w:start w:val="1"/><w:numFmt w:val="bullet"/><w:pStyle w:val="ListBullet_2"/><w:lvlText w:val=""/><w:lvlJc w:val="left"/><w:pPr><w:tabs><w:tab w:val="num" w:pos="360"/></w:tabs><w:ind w:left="360" w:hanging="360"/></w:pPr><w:rPr><w:rFonts w:ascii="Symbol" w:hAnsi="Symbol" w:hint="default"/></w:rPr></w:lvl></w:abstractNum><w:num w:numId="12" w:val="2"><w:abstractNumId w:val="82"/></w:num><w:num w:numId="22" w:val="2"><w:abstractNumId w:val="62"/></w:num><w:num w:numId="32" w:val="2"><w:abstractNumId w:val="52"/></w:num><w:num w:numId="42" w:val="2"><w:abstractNumId w:val="42"/></w:num><w:num w:numId="52" w:val="2"><w:abstractNumId w:val="72"/></w:num><w:num w:numId="62" w:val="2"><w:abstractNumId w:val="32"/></w:num><w:num w:numId="72" w:val="2"><w:abstractNumId w:val="22"/></w:num><w:num w:numId="82" w:val="2"><w:abstractNumId w:val="12"/></w:num><w:num w:numId="92" w:val="2"><w:abstractNumId w:val="02"/></w:num><w:abstractNum w:abstractNumId="03" w:val="_3_3_3"><w:nsid w:val="FFFFFF7E"/><w:multiLevelType w:val="singleLevel"/><w:tmpl w:val="FFFFFF7E"/><w:lvl w:ilvl="0" w:tentative="0"><w:start w:val="1"/><w:numFmt w:val="decimal"/><w:pStyle w:val="31_3"/><w:lvlText w:val="%1."/><w:lvlJc w:val="left"/><w:pPr><w:tabs><w:tab w:val="left" w:pos="1080"/></w:tabs><w:ind w:left="1080" w:hanging="360"/></w:pPr></w:lvl></w:abstractNum><w:abstractNum w:abstractNumId="13" w:val="_3_3_3"><w:nsid w:val="FFFFFF7F"/><w:multiLevelType w:val="singleLevel"/><w:tmpl w:val="FFFFFF7F"/><w:lvl w:ilvl="0" w:tentative="0"><w:start w:val="1"/><w:numFmt w:val="decimal"/><w:pStyle w:val="30_3"/><w:lvlText w:val="%1."/><w:lvlJc w:val="left"/><w:pPr><w:tabs><w:tab w:val="left" w:pos="720"/></w:tabs><w:ind w:left="720" w:hanging="360"/></w:pPr></w:lvl></w:abstractNum><w:abstractNum w:abstractNumId="23" w:val="_3_3_3"><w:nsid w:val="FFFFFF82"/><w:multiLevelType w:val="singleLevel"/><w:tmpl w:val="FFFFFF82"/><w:lvl w:ilvl="0" w:tentative="0"><w:start w:val="1"/><w:numFmt w:val="bullet"/><w:pStyle w:val="25_3"/><w:lvlText w:val=""/><w:lvlJc w:val="left"/><w:pPr><w:tabs><w:tab w:val="left" w:pos="1080"/></w:tabs><w:ind w:left="1080" w:hanging="360"/></w:pPr><w:rPr><w:rFonts w:hint="default" w:ascii="Symbol" w:hAnsi="Symbol"/></w:rPr></w:lvl></w:abstractNum><w:abstractNum w:abstractNumId="33" w:val="_3_3_3"><w:nsid w:val="FFFFFF83"/><w:multiLevelType w:val="singleLevel"/><w:tmpl w:val="FFFFFF83"/><w:lvl w:ilvl="0" w:tentative="0"><w:start w:val="1"/><w:numFmt w:val="bullet"/><w:pStyle w:val="24_3"/><w:lvlText w:val=""/><w:lvlJc w:val="left"/><w:pPr><w:tabs><w:tab w:val="left" w:pos="720"/></w:tabs><w:ind w:left="720" w:hanging="360"/></w:pPr><w:rPr><w:rFonts w:hint="default" w:ascii="Symbol" w:hAnsi="Symbol"/></w:rPr></w:lvl></w:abstractNum><w:abstractNum w:abstractNumId="43" w:val="_3_3_3"><w:nsid w:val="FFFFFF88"/><w:multiLevelType w:val="singleLevel"/><w:tmpl w:val="FFFFFF88"/><w:lvl w:ilvl="0" w:tentative="0"><w:start w:val="1"/><w:numFmt w:val="decimal"/><w:pStyle w:val="29_3"/><w:lvlText w:val="%1."/><w:lvlJc w:val="left"/><w:pPr><w:tabs><w:tab w:val="left" w:pos="360"/></w:tabs><w:ind w:left="360" w:hanging="360"/></w:pPr></w:lvl></w:abstractNum><w:abstractNum w:abstractNumId="53" w:val="_3_3_3"><w:nsid w:val="FFFFFF89"/><w:multiLevelType w:val="singleLevel"/><w:tmpl w:val="FFFFFF89"/><w:lvl w:ilvl="0" w:tentative="0"><w:start w:val="1"/><w:numFmt w:val="bullet"/><w:pStyle w:val="23_3"/><w:lvlText w:val=""/><w:lvlJc w:val="left"/><w:pPr><w:tabs><w:tab w:val="left" w:pos="360"/></w:tabs><w:ind w:left="360" w:hanging="360"/></w:pPr><w:rPr><w:rFonts w:hint="default" w:ascii="Symbol" w:hAnsi="Symbol"/></w:rPr></w:lvl></w:abstractNum><w:num w:numId="13" w:val="3"><w:abstractNumId w:val="53"/></w:num><w:num w:numId="23" w:val="3"><w:abstractNumId w:val="33"/></w:num><w:num w:numId="33" w:val="3"><w:abstractNumId w:val="23"/></w:num><w:num w:numId="43" w:val="3"><w:abstractNumId w:val="43"/></w:num><w:num w:numId="53" w:val="3"><w:abstractNumId w:val="13"/></w:num><w:num w:numId="63" w:val="3"><w:abstractNumId w:val="03"/></w:num><w:abstractNum w:abstractNumId="04" w:val="_4_4_4"><w:nsid w:val="FFFFFF7C"/><w:multiLevelType w:val="singleLevel"/><w:tmpl w:val="C310EC42"/><w:lvl w:ilvl="0"><w:start w:val="1"/><w:numFmt w:val="decimal"/><w:lvlText w:val="%1."/><w:lvlJc w:val="left"/><w:pPr><w:tabs><w:tab w:val="num" w:pos="1800"/></w:tabs><w:ind w:left="1800" w:hanging="360"/></w:pPr></w:lvl></w:abstractNum><w:abstractNum w:abstractNumId="14" w:val="_4_4_4"><w:nsid w:val="FFFFFF7D"/><w:multiLevelType w:val="singleLevel"/><w:tmpl w:val="E4089024"/><w:lvl w:ilvl="0"><w:start w:val="1"/><w:numFmt w:val="decimal"/><w:lvlText w:val="%1."/><w:lvlJc w:val="left"/><w:pPr><w:tabs><w:tab w:val="num" w:pos="1440"/></w:tabs><w:ind w:left="1440" w:hanging="360"/></w:pPr></w:lvl></w:abstractNum><w:abstractNum w:abstractNumId="24" w:val="_4_4_4"><w:nsid w:val="FFFFFF7E"/><w:multiLevelType w:val="singleLevel"/><w:tmpl w:val="FB12693A"/><w:lvl w:ilvl="0"><w:start w:val="1"/><w:numFmt w:val="decimal"/><w:pStyle w:val="ListNumber3_4"/><w:lvlText w:val="%1."/><w:lvlJc w:val="left"/><w:pPr><w:tabs><w:tab w:val="num" w:pos="1080"/></w:tabs><w:ind w:left="1080" w:hanging="360"/></w:pPr></w:lvl></w:abstractNum><w:abstractNum w:abstractNumId="34" w:val="_4_4_4"><w:nsid w:val="FFFFFF7F"/><w:multiLevelType w:val="singleLevel"/><w:tmpl w:val="38441652"/><w:lvl w:ilvl="0"><w:start w:val="1"/><w:numFmt w:val="decimal"/><w:pStyle w:val="ListNumber2_4"/><w:lvlText w:val="%1."/><w:lvlJc w:val="left"/><w:pPr><w:tabs><w:tab w:val="num" w:pos="720"/></w:tabs><w:ind w:left="720" w:hanging="360"/></w:pPr></w:lvl></w:abstractNum><w:abstractNum w:abstractNumId="44" w:val="_4_4_4"><w:nsid w:val="FFFFFF81"/><w:multiLevelType w:val="singleLevel"/><w:tmpl w:val="171AC3A4"/><w:lvl w:ilvl="0"><w:start w:val="1"/><w:numFmt w:val="bullet"/><w:lvlText w:val=""/><w:lvlJc w:val="left"/><w:pPr><w:tabs><w:tab w:val="num" w:pos="1440"/></w:tabs><w:ind w:left="1440" w:hanging="360"/></w:pPr><w:rPr><w:rFonts w:ascii="Symbol" w:hAnsi="Symbol" w:hint="default"/></w:rPr></w:lvl></w:abstractNum><w:abstractNum w:abstractNumId="54" w:val="_4_4_4"><w:nsid w:val="FFFFFF82"/><w:multiLevelType w:val="singleLevel"/><w:tmpl w:val="F3EAFDEC"/><w:lvl w:ilvl="0"><w:start w:val="1"/><w:numFmt w:val="bullet"/><w:pStyle w:val="ListBullet3_4"/><w:lvlText w:val=""/><w:lvlJc w:val="left"/><w:pPr><w:tabs><w:tab w:val="num" w:pos="1080"/></w:tabs><w:ind w:left="1080" w:hanging="360"/></w:pPr><w:rPr><w:rFonts w:ascii="Symbol" w:hAnsi="Symbol" w:hint="default"/></w:rPr></w:lvl></w:abstractNum><w:abstractNum w:abstractNumId="64" w:val="_4_4_4"><w:nsid w:val="FFFFFF83"/><w:multiLevelType w:val="singleLevel"/><w:tmpl w:val="3D1EFFD4"/><w:lvl w:ilvl="0"><w:start w:val="1"/><w:numFmt w:val="bullet"/><w:pStyle w:val="ListBullet2_4"/><w:lvlText w:val=""/><w:lvlJc w:val="left"/><w:pPr><w:tabs><w:tab w:val="num" w:pos="720"/></w:tabs><w:ind w:left="720" w:hanging="360"/></w:pPr><w:rPr><w:rFonts w:ascii="Symbol" w:hAnsi="Symbol" w:hint="default"/></w:rPr></w:lvl></w:abstractNum><w:abstractNum w:abstractNumId="74" w:val="_4_4_4"><w:nsid w:val="FFFFFF88"/><w:multiLevelType w:val="singleLevel"/><w:tmpl w:val="D0A62B40"/><w:lvl w:ilvl="0"><w:start w:val="1"/><w:numFmt w:val="decimal"/><w:pStyle w:val="ListNumber_4"/><w:lvlText w:val="%1."/><w:lvlJc w:val="left"/><w:pPr><w:tabs><w:tab w:val="num" w:pos="360"/></w:tabs><w:ind w:left="360" w:hanging="360"/></w:pPr></w:lvl></w:abstractNum><w:abstractNum w:abstractNumId="84" w:val="_4_4_4"><w:nsid w:val="FFFFFF89"/><w:multiLevelType w:val="singleLevel"/><w:tmpl w:val="29761A62"/><w:lvl w:ilvl="0"><w:start w:val="1"/><w:numFmt w:val="bullet"/><w:pStyle w:val="ListBullet_4"/><w:lvlText w:val=""/><w:lvlJc w:val="left"/><w:pPr><w:tabs><w:tab w:val="num" w:pos="360"/></w:tabs><w:ind w:left="360" w:hanging="360"/></w:pPr><w:rPr><w:rFonts w:ascii="Symbol" w:hAnsi="Symbol" w:hint="default"/></w:rPr></w:lvl></w:abstractNum><w:num w:numId="14" w:val="4"><w:abstractNumId w:val="84"/></w:num><w:num w:numId="24" w:val="4"><w:abstractNumId w:val="64"/></w:num><w:num w:numId="34" w:val="4"><w:abstractNumId w:val="54"/></w:num><w:num w:numId="44" w:val="4"><w:abstractNumId w:val="44"/></w:num><w:num w:numId="54" w:val="4"><w:abstractNumId w:val="74"/></w:num><w:num w:numId="64" w:val="4"><w:abstractNumId w:val="34"/></w:num><w:num w:numId="74" w:val="4"><w:abstractNumId w:val="24"/></w:num><w:num w:numId="84" w:val="4"><w:abstractNumId w:val="14"/></w:num><w:num w:numId="94" w:val="4"><w:abstractNumId w:val="04"/></w:num></w:numbering>