<?xml version="1.0" encoding="UTF-8" standalone="yes"?>
<Properties xmlns="http://schemas.openxmlformats.org/officeDocument/2006/extended-properties" xmlns:vt="http://schemas.openxmlformats.org/officeDocument/2006/docPropsVTypes"><Template>Normal.dotm</Template><Pages>4</Pages><Words>0</Words><Characters>0</Characters><Lines>0</Lines><Paragraphs>0</Paragraphs><TotalTime>9</TotalTime><ScaleCrop>false</ScaleCrop><LinksUpToDate>false</LinksUpToDate><CharactersWithSpaces>0</CharactersWithSpaces><Application>WPS Office_12.2.0.21931_F1E327BC-269C-435d-A152-05C5408002CA</Application><DocSecurity>0</DocSecurity></Properties>