<?xml version="1.0" encoding="UTF-8" standalone="yes"?>
<cp:coreProperties xmlns:cp="http://schemas.openxmlformats.org/package/2006/metadata/core-properties" xmlns:dc="http://purl.org/dc/elements/1.1/" xmlns:dcterms="http://purl.org/dc/terms/" xmlns:dcmitype="http://purl.org/dc/dcmitype/" xmlns:xsi="http://www.w3.org/2001/XMLSchema-instance"><dcterms:created xsi:type="dcterms:W3CDTF">2013-12-23T23:15:00Z</dcterms:created><dc:creator>python-docx</dc:creator><dc:description>generated by python-docx</dc:description><cp:lastModifiedBy>Sai Ashritha Merugu</cp:lastModifiedBy><dcterms:modified xsi:type="dcterms:W3CDTF">2025-08-09T12:30:21Z</dcterms:modified><cp:revision>1</cp:revision></cp:coreProperties>