<?xml version="1.0" encoding="UTF-8" standalone="yes"?>
<Properties xmlns="http://schemas.openxmlformats.org/officeDocument/2006/custom-properties" xmlns:vt="http://schemas.openxmlformats.org/officeDocument/2006/docPropsVTypes"><property fmtid="{D5CDD505-2E9C-101B-9397-08002B2CF9AE}" pid="2" name="KSOProductBuildVer"><vt:lpwstr>1033-12.2.0.21931</vt:lpwstr></property><property fmtid="{D5CDD505-2E9C-101B-9397-08002B2CF9AE}" pid="3" name="ICV"><vt:lpwstr>0F02CC53B0DB404F9D9F1D82BBA0D69D_12</vt:lpwstr></property></Properties>